date,ceo,company,positive,neutral,negative,total,neg_pct,theme,alias
2026-08-12,Doug McMillon,Walmart,5,18,2,25,8.0,,Doug McMillon Walmart
2026-08-12,Andy Jassy,Amazon,9,11,5,25,20.0,,Andy Jassy Amazon
2026-08-12,Stephen Hemsley,UnitedHealth,9,14,2,25,8.0,,Stephen Hemsley UnitedHealth
2026-08-12,Tim Cook,Apple,3,13,9,25,36.0,,Tim Cook Apple
2026-08-12,David Joyner,CVS Health,9,9,7,25,28.0,,David Joyner CVS Health
2026-08-12,Warren Buffett,Berkshire Hathaway,6,10,9,25,36.0,,Warren Buffett Berkshire Hathaway
2026-08-12,Sundar Pichai,Alphabet,5,13,7,25,28.0,,Sundar Pichai Alphabet
2026-08-12,Darren Woods,Exxon Mobil,2,11,12,25,48.0,,Darren Woods Exxon Mobil
2026-08-12,Brian Tyler,McKesson,5,16,4,25,16.0,,Brian Tyler McKesson
2026-08-12,Robert Mauch,Cencora,4,11,0,15,0.0,,Robert Mauch Cencora
2026-08-12,Jamie Dimon,JPMorgan Chase,3,11,11,25,44.0,,Jamie Dimon JPMorgan Chase
2026-08-12,Ron Vachris,Costco,7,17,1,25,4.0,,Ron Vachris Costco
2026-08-12,David Cordani,Cigna,14,11,0,25,0.0,,David Cordani Cigna
2026-08-12,Satya Nadella,Microsoft,6,11,8,25,32.0,,Satya Nadella Microsoft
2026-08-12,Jason Hollar,Cardinal Health,13,11,1,25,4.0,,Jason Hollar Cardinal Health
2026-08-12,Mike Wirth,Chevron,8,8,9,25,36.0,,Mike Wirth Chevron
2026-08-12,Brian Moynihan,Bank of America,3,19,3,25,12.0,,Brian Moynihan Bank of America
2026-08-12,Mary Barra,General Motors,12,11,2,25,8.0,,Mary Barra General Motors
2026-08-12,Jim Farley,Ford Motor,8,12,5,25,20.0,,Jim Farley Ford Motor
2026-08-12,Gail Boudreaux,Elevance Health,5,18,2,25,8.0,,Gail Boudreaux Elevance Health
2026-08-12,Jane Fraser,Citigroup,6,15,4,25,16.0,,Jane Fraser Citigroup
2026-08-12,Mark Zuckerberg,Meta Platforms,6,15,4,25,16.0,,Mark Zuckerberg Meta Platforms
2026-08-12,Sarah London,Centene,6,15,4,25,16.0,,Sarah London Centene
2026-08-12,Ted Decker,Home Depot,6,16,3,25,12.0,,Ted Decker Home Depot
2026-08-12,Priscilla Almodovar,Fannie Mae,3,18,4,25,16.0,,Priscilla Almodovar Fannie Mae
2026-08-12,Ron Sargent,Kroger,0,20,5,25,20.0,,Ron Sargent Kroger
2026-08-12,Mark Lashier,Phillips 66,8,9,8,25,32.0,,Mark Lashier Phillips 66
2026-08-12,Maryann Mannen,Marathon Petroleum,3,19,3,25,12.0,,Maryann Mannen Marathon Petroleum
2026-08-12,Dan Schulman,Verizon,6,11,8,25,32.0,,Dan Schulman Verizon
2026-08-12,Jensen Huang,Nvidia,10,12,3,25,12.0,,Jensen Huang Nvidia
2026-08-12,David Solomon,Goldman Sachs,6,11,8,25,32.0,,David Solomon Goldman Sachs
2026-08-12,Charles Scharf,Wells Fargo,15,4,6,25,24.0,,Charles Scharf Wells Fargo
2026-08-12,Lane Riggs,Valero Energy,15,7,3,25,12.0,,Lane Riggs Valero Energy
2026-08-12,Brian Roberts,Comcast,6,15,4,25,16.0,,Brian Roberts Comcast
2026-08-12,Jon Farney,State Farm Insurance,10,12,3,25,12.0,,Jon Farney State Farm Insurance
2026-08-12,John Stankey,AT&T,12,11,2,25,8.0,,John Stankey AT&T
2026-08-12,Michael Hutchins,Freddie Mac,1,22,2,25,8.0,,Michael Hutchins Freddie Mac
2026-08-12,Jim Rechtin,Humana,11,10,4,25,16.0,,Jim Rechtin Humana
2026-08-12,Ted Pick,Morgan Stanley,14,9,2,25,8.0,,Ted Pick Morgan Stanley
2026-08-12,Michael Fiddelke,Target Corporation,5,12,8,25,32.0,,Michael Fiddelke Target Corporation
2026-08-12,Philip Smith,StoneX Group,2,16,1,19,5.3,,Philip Smith StoneX Group
2026-08-12,Elon Musk,Tesla,3,18,4,25,16.0,,Elon Musk Tesla
2026-08-12,Michael Dell,Dell Technologies,12,12,1,25,4.0,,Michael Dell Dell Technologies
2026-08-12,Ramon Laguarta,PepsiCo,8,13,4,25,16.0,,Ramon Laguarta PepsiCo
2026-08-12,Bob Iger,Disney,5,16,4,25,16.0,,Bob Iger Disney
2026-08-12,Carol Tome,UPS,4,13,8,25,32.0,,Carol Tome UPS
2026-08-12,Joaquin Duato,Johnson & Johnson,12,9,4,25,16.0,,Joaquin Duato Johnson & Johnson
2026-08-12,Rajesh Subramaniam,FedEx,2,17,6,25,24.0,,Rajesh Subramaniam FedEx
2026-08-12,Juan Luciano,Archer Daniels Midland,0,16,9,25,36.0,,Juan Luciano Archer Daniels Midland
2026-08-12,Jon Moeller,Procter & Gamble,1,22,2,25,8.0,,Jon Moeller Procter & Gamble
2026-08-12,Marvin Ellison,Lowe's,3,18,4,25,16.0,,Marvin Ellison Lowe's
2026-08-12,Thomas Long,Energy Transfer,20,3,2,25,8.0,,Thomas Long Energy Transfer
2026-08-12,Christopher Calio,RTX,10,11,4,25,16.0,,Christopher Calio RTX
2026-08-12,Susan Morris,Albertsons,3,18,4,25,16.0,,Susan Morris Albertsons
2026-08-12,Kevin Hourican,Sysco,10,9,6,25,24.0,,Kevin Hourican Sysco
2026-08-12,Tricia Griffith,Progressive Insurance,10,13,2,25,8.0,,Tricia Griffith Progressive Insurance
2026-08-12,Stephen Squeri,American Express,8,12,5,25,20.0,,Stephen Squeri American Express
2026-08-12,James Taiclet,Lockheed Martin,6,15,4,25,16.0,,James Taiclet Lockheed Martin
2026-08-12,Michel Khalaf,MetLife Inc,12,13,0,25,0.0,,Michel Khalaf MetLife
2026-08-12,Samuel Hazen,HCA Healthcare,8,13,4,25,16.0,,Samuel Hazen HCA Healthcare
2026-08-12,Andrew Sullivan,Prudential Financial,10,15,0,25,0.0,,Andrew Sullivan Prudential Financial
2026-08-12,Kelly Ortberg,Boeing,4,18,3,25,12.0,,Kelly Ortberg Boeing
2026-08-12,Joe Creed,Caterpillar,3,21,1,25,4.0,,Joe Creed Caterpillar
2026-08-12,Robert M Davis,Merck,0,19,6,25,24.0,,Robert M Davis Merck
2026-08-12,Thomas J Wilson,Allstate,6,14,5,25,20.0,,Thomas J Wilson Allstate
2026-08-12,Albert Bourla,Pfizer,6,12,7,25,28.0,,Albert Bourla Pfizer
2026-08-12,Arvind Krishna,IBM,5,14,6,25,24.0,,Arvind Krishna IBM
2026-08-12,Craig DeSanto,New York Life Insurance,6,19,0,25,0.0,,Craig DeSanto New York Life Insurance
2026-08-12,Ed Bastian,Delta Air Lines,6,12,7,25,28.0,,Ed Bastian Delta Air Lines
2026-08-12,Kevin Murphy,Publix Super Markets,16,30,4,50,8.0,,Kevin Murphy Publix Super Markets
2026-08-12,Kirt Walker,Nationwide Insurance,8,16,1,25,4.0,,Kirt Walker Nationwide Insurance
2026-08-12,Patrick Zammit,TD Synnex,9,12,4,25,16.0,,Patrick Zammit TD Synnex
2026-08-12,Scott Kirby,United Airlines,20,4,1,25,4.0,,Scott Kirby United Airlines
2026-08-12,Ryan Lance,ConocoPhillips,8,15,2,25,8.0,,Ryan Lance ConocoPhillips
2026-08-12,Ernie Herrman,TJX,10,13,2,25,8.0,,Ernie Herrman TJX
2026-08-12,Bob Michael,AbbVie,5,16,4,25,16.0,,Bob Michael AbbVie
2026-08-12,AJ Jim Teague,Enterprise Products Partners,4,21,0,25,0.0,,AJ Jim Teague Enterprise Products Partners
2026-08-12,Christopher Winfrey,Charter Communications,6,12,7,25,28.0,,Christopher Winfrey Charter Communications
2026-08-12,George Holm,Performance Food,6,18,1,25,4.0,,George Holm Performance Food
2026-08-12,Robert Isom,American Airlines,10,11,4,25,16.0,,Robert Isom American Airlines
2026-08-12,Richard Fairbank,Capital One,8,16,1,25,4.0,,Richard Fairbank Capital One
2026-08-12,Chuck Robbins,Cisco Systems,7,13,5,25,20.0,,Chuck Robbins Cisco Systems
2026-08-12,Enrique Lores,HP,2,21,2,25,8.0,,Enrique Lores HP
2026-08-12,Donnie King,Tyson Foods,10,13,2,25,8.0,,Donnie King Tyson Foods
2026-08-12,Lip-Bu Tan,Intel,10,9,6,25,24.0,,Lip-Bu Tan Intel
2026-08-12,Clay Magouyrk,Oracle,6,13,6,25,24.0,,Clay Magouyrk Oracle
2026-08-12,Mike Sicilia,Oracle,4,12,9,25,36.0,,Mike Sicilia Oracle
2026-08-12,Hock Tan,Broadcom,7,13,5,25,20.0,,Hock Tan Broadcom
2026-08-12,John May,Deere,4,17,4,25,16.0,,John May Deere
2026-08-12,Elliott Hill,Nike,4,18,3,25,12.0,,Elliott Hill Nike
2026-08-12,Timothy M Sweeney,Liberty Mutual Insurance,22,3,0,25,0.0,,Timothy M Sweeney Liberty Mutual Insurance
2026-08-12,Willie Chiang,Plains GP,2,11,3,16,18.8,,Willie Chiang Plains GP
2026-08-12,Juan Andrade,USAA,9,13,3,25,12.0,,Juan Andrade USAA
2026-08-12,Chris Boerner,Bristol-Myers Squibb,4,16,5,25,20.0,,Chris Boerner Bristol-Myers Squibb
2026-08-12,Paul Bay,Ingram Micro,4,18,3,25,12.0,,Paul Bay Ingram Micro
2026-08-12,Phebe Novakovic,General Dynamics,17,8,0,25,0.0,,Phebe Novakovic General Dynamics
2026-08-12,James Quincey,The Coca-Cola Company,11,14,0,25,0.0,,James Quincey The Coca-Cola Company
2026-08-12,Thasunda Brown Duckett,TIAA,6,12,7,25,28.0,,Thasunda Brown Duckett TIAA
2026-08-12,Alan Schnitzer,Travelers Insurance,11,11,3,25,12.0,,Alan Schnitzer Travelers Insurance
2026-08-12,David Ricks,Eli Lilly,7,14,4,25,16.0,,David Ricks Eli Lilly
2026-08-12,Dara Khosrowshahi,Uber,12,10,3,25,12.0,,Dara Khosrowshahi Uber
2026-08-12,Roger Crandall,Mass Mutual,3,16,6,25,24.0,,Roger Crandall Mass Mutual
2026-08-12,Marc Casper,Thermo Fisher Scientific,14,10,1,25,4.0,,Marc Casper Thermo Fisher Scientific
2026-08-12,Gunjan Kedia,US Bancorp,10,15,0,25,0.0,,Gunjan Kedia US Bancorp
2026-08-12,Michael Kasbar,World Kinect,4,10,0,14,0.0,,Michael Kasbar World Kinect
2026-08-12,Robert Ford,Abbott Laboratories,5,15,5,25,20.0,,Robert Ford Abbott Laboratories
2026-08-12,Corie Barry,Best Buy,25,0,0,25,0.0,,Corie Barry Best Buy
2026-08-12,Tim Gerend,Northwestern Mutual,9,15,1,25,4.0,,Tim Gerend Northwestern Mutual
2026-08-12,Kathy Warden,Northrop Grumman,7,14,4,25,16.0,,Kathy Warden Northrop Grumman
2026-08-12,Joe Zubretsky,Molina Healthcare,10,12,3,25,12.0,,Joe Zubretsky Molina Healthcare
2026-08-12,Todd Vasos,Dollar General,7,16,2,25,8.0,,Todd Vasos Dollar General
2026-08-12,Robin Vince,Bank of New York Mellon,6,19,0,25,0.0,,Robin Vince Bank of New York Mellon
2026-08-12,David Zaslav,Warner Bros Discovery,8,12,5,25,20.0,,David Zaslav Warner Bros Discovery
2026-08-12,Jay Debertin,CHS,5,18,2,25,8.0,,Jay Debertin CHS
2026-08-12,Ted Sarandos,Netflix,8,12,5,25,20.0,,Ted Sarandos Netflix
2026-08-12,Cristiano Amon,Qualcomm,6,19,0,25,0.0,,Cristiano Amon Qualcomm
2026-08-12,Vimal Kapur,Honeywell,5,17,3,25,12.0,,Vimal Kapur Honeywell
2026-08-12,Marc Benioff,Salesforce,6,8,11,25,44.0,,Marc Benioff Salesforce
2026-08-12,Jacek Olczak,Philip Morris International,6,19,0,25,0.0,,Jacek Olczak Philip Morris International
2026-08-12,David Flitman,US Foods,4,18,3,25,12.0,,David Flitman US Foods
2026-08-12,Paul Romanowski,DR Horton Inc,2,20,3,25,12.0,,Paul Romanowski DR Horton
2026-08-12,Bryan DeBoer,Lithia Motors,7,14,4,25,16.0,,Bryan DeBoer Lithia Motors
2026-08-12,Dirk Van de Put,Mondelez,5,14,6,25,24.0,,Dirk Van de Put Mondelez
2026-08-12,Brian Niccol,Starbucks,11,9,5,25,20.0,,Brian Niccol Starbucks
2026-08-12,Ryan McInerney,Visa Inc,9,9,7,25,28.0,,Ryan McInerney Visa Inc
2026-08-12,Robert Sulentic,CBRE Group,10,13,2,25,8.0,,Robert Sulentic CBRE Group
2026-08-12,Jonathan Jaffe,Lennar,2,7,1,10,10.0,,Jonathan Jaffe Lennar
2026-08-12,Scott Strazik,GE Vernova,5,19,1,25,4.0,,Scott Strazik GE Vernova
2026-08-12,William Demchak,PNC Financial Services,5,16,4,25,16.0,,William Demchak PNC Financial Services
2026-08-12,Jennifer Rumsey,Cummins Inc,10,14,1,25,4.0,,Jennifer Rumsey Cummins Inc
2026-08-12,Preston Feight,Paccar,9,12,4,25,16.0,,Preston Feight Paccar
2026-08-12,Robert Bradway,Amgen,4,18,3,25,12.0,,Robert Bradway Amgen
2026-08-12,Matthew Lucey,PBF Energy,15,5,0,20,0.0,,Matthew Lucey PBF Energy
2026-08-12,Brian D Pieninck,GuideWell Mutual,2,8,0,10,0.0,,Brian D Pieninck GuideWell Mutual
2026-08-12,Alex Chriss,PayPal,3,16,6,25,24.0,,Alex Chriss PayPal
2026-08-12,Sandy Douglas,United Natural Foods,19,6,0,25,0.0,,Sandy Douglas United Natural Foods
2026-08-12,Michael Creedon,Dollar Tree,6,17,2,25,8.0,,Michael Creedon Dollar Tree
2026-08-12,Leon Topalian,Nucor,9,14,2,25,8.0,,Leon Topalian Nucor
2026-08-12,Roger Penske,Penske Automotive,4,19,2,25,8.0,,Roger Penske Penske Automotive
2026-08-12,Bom Kim,Coupang,4,13,8,25,32.0,,Bom Kim Coupang
2026-08-12,Antonio Neri,Hewlett Packard Enterprise,6,16,3,25,12.0,,Antonio Neri Hewlett Packard Enterprise
2026-08-12,Harry Sideris,Duke Energy,15,4,6,25,24.0,,Harry Sideris Duke Energy
2026-08-12,Joseph Bae,KKR & Co,5,19,1,25,4.0,,Joseph Bae KKR & Co
2026-08-12,Brian Robbins,Paramount Global,5,19,1,25,4.0,,Brian Robbins Paramount Global
2026-08-12,Michael Dastoor,Jabil,6,13,6,25,24.0,,Michael Dastoor Jabil
2026-08-12,Daniel O'Day,Gilead Sciences,17,4,4,25,16.0,,Daniel O'Day Gilead Sciences
2026-08-12,Tim Go,HF Sinclair,3,8,14,25,56.0,,Tim Go HF Sinclair
2026-08-12,William Nash,CarMax,4,13,8,25,32.0,,William Nash CarMax
2026-08-12,Michael Miebach,Mastercard,9,16,0,25,0.0,,Michael Miebach Mastercard
2026-08-12,Lawrence Coben,NRG Energy,8,6,4,18,22.2,,Lawrence Coben NRG Energy
2026-08-12,Sean Kerins,Arrow Electronics,0,15,1,16,6.2,,Sean Kerins Arrow Electronics
2026-08-12,Lorenzo Simonelli,Baker Hughes,10,13,2,25,8.0,,Lorenzo Simonelli Baker Hughes
2026-08-12,Bob Jordan,Southwest Airlines,6,15,4,25,16.0,,Bob Jordan Southwest Airlines
2026-08-12,Peter Zaffino,AIG,6,18,1,25,4.0,,Peter Zaffino AIG
2026-08-12,Gary Dickerson,Applied Materials,13,10,2,25,8.0,,Gary Dickerson Applied Materials
2026-08-12,Vicki Hollub,Occidental Petroleum,8,15,2,25,8.0,,Vicki Hollub Occidental Petroleum
2026-08-12,Michael Manley,AutoNation,5,18,2,25,8.0,,Michael Manley AutoNation
2026-08-12,Christopher Womack,Southern Company,9,13,3,25,12.0,,Christopher Womack Southern Company
2026-08-12,Christopher Swift,The Hartford Insurance Group,10,14,1,25,4.0,,Christopher Swift The Hartford
2026-08-12,Marc Rowan,Apollo Global Management,4,16,5,25,20.0,,Marc Rowan Apollo Global Management
2026-08-12,Rick Wurster,Charles Schwab,10,10,5,25,20.0,,Rick Wurster Charles Schwab
2026-08-12,Chris Kempczinski,McDonalds,5,9,11,25,44.0,,Chris Kempczinski McDonalds
2026-08-12,Carlos Abrams-Rivera,Kraft Heinz,2,21,2,25,8.0,,Carlos Abrams-Rivera Kraft Heinz
2026-08-12,Lisa Su,Advanced Micro Devices,10,15,0,25,0.0,,Lisa Su Advanced Micro Devices
2026-08-12,William H Rogers Jr,Truist Financial,6,13,2,21,9.5,,William H Rogers Jr Truist Financial
2026-08-12,Kathleen Quirk,Freeport-McMoRan,11,12,2,25,8.0,,Kathleen Quirk Freeport-McMoRan
2026-08-12,Sanjay Mehrotra,Micron Technology,4,16,5,25,20.0,,Sanjay Mehrotra Micron Technology
2026-08-12,Anthony Capuano,Marriott International,9,13,3,25,12.0,,Anthony Capuano Marriott International
2026-08-12,David Gitlin,Carrier Global,7,15,3,25,12.0,,David Gitlin Carrier Global
2026-08-12,John Ketchum,NextEra Energy,16,9,0,25,0.0,,John Ketchum NextEra Energy
2026-08-12,William M Brown,3M Company,3,19,3,25,12.0,,William M Brown 3M Company
2026-08-12,John Doyle,Marsh & McLennan,4,13,8,25,32.0,,John Doyle Marsh & McLennan
2026-08-12,Patricia Poppe,Pacific Gas and Electric Company,3,13,9,25,36.0,,Patricia Poppe Pacific Gas and Electric Company
2026-08-12,Jim Vena,Union Pacific,8,11,6,25,24.0,,Jim Vena Union Pacific
2026-08-12,Brian Doubles,Synchrony Financial,7,15,3,25,12.0,,Brian Doubles Synchrony Financial
2026-08-12,Rainer Blair,Danaher,7,17,1,25,4.0,,Rainer Blair Danaher
2026-08-12,Philip Gallagher,Avnet,4,17,1,22,4.5,,Philip Gallagher Avnet
2026-08-12,Glenn Fogel,Booking Holdings,6,12,7,25,28.0,,Glenn Fogel Booking Holdings
2026-08-12,Ezra Yacob,EOG Resources,10,12,3,25,12.0,,Ezra Yacob EOG Resources
2026-08-12,Earl Austin,Quanta Services,11,11,0,22,0.0,,Earl Austin Quanta Services
2026-08-12,Michael Shepherd,Discover Financial,7,17,1,25,4.0,,Michael Shepherd Discover Financial
2026-08-12,Joseph Dominguez,Constellation Energy,15,9,1,25,4.0,,Joseph Dominguez Constellation Energy
2026-08-12,William Stengel II,Genuine Parts Company,3,13,1,17,5.9,,William Stengel II Genuine Parts
2026-08-12,Christian Ulbrich,Jones Lang LaSalle,6,16,3,25,12.0,,Christian Ulbrich Jones Lang LaSalle
2026-08-12,Raymond E Scott,Lear Corporation,0,16,8,24,33.3,,Raymond E Scott Lear Corporation
2026-08-12,Michael Rapino,Live Nation Entertainment,10,10,5,25,20.0,,Michael Rapino Live Nation Entertainment
2026-08-12,Heidi Petz,Sherwin-Williams,8,15,2,25,8.0,,Heidi Petz Sherwin-Williams
2026-08-12,Calvin G Butler Jr,Exelon,7,11,3,21,14.3,,Calvin G Butler Jr Exelon
2026-08-12,Tony Spring,Macys,12,12,1,25,4.0,,Tony Spring Macys
2026-08-12,Jeff Miller,Halliburton,12,11,2,25,8.0,,Jeff Miller Halliburton
2026-08-12,Kevin Lobo,Stryker,5,12,8,25,32.0,,Kevin Lobo Stryker
2026-08-12,Tony Cheng,Reinsurance Group of America,4,11,2,17,11.8,,Tony Cheng Reinsurance Group of America
2026-08-12,Ronald P O'Hanley,State Street,6,18,1,25,4.0,,Ronald P O'Hanley State Street
2026-08-12,John Engel,WESCO International,3,22,0,25,0.0,,John Engel WESCO International
2026-08-12,Pierce Norton II,Oneok,13,12,0,25,0.0,,Pierce Norton II Oneok
2026-08-12,Shantanu Narayen,Adobe,2,21,2,25,8.0,,Shantanu Narayen Adobe
2026-08-12,Bill Westrate,American Family Insurance,8,15,2,25,8.0,,Bill Westrate American Family Insurance
2026-08-12,Chris Kubasik,L3Harris Technologies,6,17,2,25,8.0,,Chris Kubasik L3Harris Technologies
2026-08-12,James Conroy,Ross Stores,7,17,1,25,4.0,,James Conroy Ross Stores
2026-08-12,Christine Leahy,CDW,3,21,1,25,4.0,,Christine Leahy CDW
2026-08-12,Saumya Sutaria,Tenet Healthcare,2,4,3,9,33.3,,Saumya Sutaria Tenet Healthcare
2026-08-12,Bob Eddy,BJ's Wholesale Club,6,18,1,25,4.0,,Bob Eddy BJ's Wholesale Club
2026-08-12,Mike Lyons,Fiserv,6,16,3,25,12.0,,Mike Lyons Fiserv
2026-08-12,William Gifford,Altria,3,21,1,25,4.0,,William Gifford Altria
2026-08-12,Larry Fink,BlackRock,6,16,3,25,12.0,,Larry Fink BlackRock
2026-08-12,Thomas Polen,Becton Dickinson,6,14,5,25,20.0,,Thomas Polen Becton Dickinson
2026-08-12,Noel Wallace,Colgate-Palmolive,8,14,3,25,12.0,,Noel Wallace Colgate-Palmolive
2026-08-12,Michael Hsu,Kimberly-Clark,7,17,1,25,4.0,,Michael Hsu Kimberly-Clark
2026-08-12,Daryl Kenningham,Group 1 Automotive,7,13,5,25,20.0,,Daryl Kenningham Group 1 Automotive
2026-08-12,Jennifer Parmentier,Parker-Hannifin,2,16,0,18,0.0,,Jennifer Parmentier Parker-Hannifin
2026-08-12,Jeffrey Harmening,General Mills,8,11,6,25,24.0,,Jeffrey Harmening General Mills
2026-08-12,Ravi Kumar S,Cognizant Technology Solutions,11,10,4,25,16.0,,Ravi Kumar S Cognizant Technology Solutions
2026-08-12,William Fehrman,American Electric Power,6,17,2,25,8.0,,William Fehrman American Electric Power
2026-08-12,Peter Arduini,GE HealthCare Technologies,5,16,4,25,16.0,,Peter Arduini GE HealthCare Technologies
2026-08-12,Maria Black,Automatic Data Processing,10,13,2,25,8.0,,Maria Black Automatic Data Processing
2026-08-12,Lourenco Goncalves,Cleveland-Cliffs,10,10,5,25,20.0,,Lourenco Goncalves Cleveland-Cliffs
2026-08-12,Dan Amos,Aflac,3,19,3,25,12.0,,Dan Amos Aflac
2026-08-12,Mark Stewart,Goodyear Tire & Rubber,7,16,2,25,8.0,,Mark Stewart Goodyear Tire & Rubber
2026-08-12,Kevin Hogan,Corebridge Financial,7,6,2,15,13.3,,Kevin Hogan Corebridge Financial
2026-08-12,Thomas Palmer,Newmont,2,23,0,25,0.0,,Thomas Palmer Newmont
2026-08-12,Andrew Silvernail,International Paper,5,19,1,25,4.0,,Andrew Silvernail International Paper
2026-08-12,Philip Daniele III,AutoZone,3,18,4,25,16.0,,Philip Daniele III AutoZone
2026-08-12,Ellen Cooper,Lincoln National,4,19,2,25,8.0,,Ellen Cooper Lincoln National
2026-08-12,Ryan Marshall,PulteGroup,8,12,5,25,20.0,,Ryan Marshall PulteGroup
2026-08-12,James Cracchiolo,Ameriprise Financial,4,16,5,25,20.0,,James Cracchiolo Ameriprise Financial
2026-08-12,Andrew Clyde,Murphy USA,6,18,1,25,4.0,,Andrew Clyde Murphy USA
2026-08-12,Jonas Prising,ManpowerGroup,9,13,3,25,12.0,,Jonas Prising ManpowerGroup
2026-08-12,David Bozeman,CH Robinson Worldwide,4,18,3,25,12.0,,David Bozeman CH Robinson Worldwide
2026-08-12,Timothy Knavish,PPG Industries,1,12,0,13,0.0,,Timothy Knavish PPG Industries
2026-08-12,Pedro Pizarro,Edison International,6,12,7,25,28.0,,Pedro Pizarro Edison International
2026-08-12,Mark Millett,Steel Dynamics,22,3,0,25,0.0,,Mark Millett Steel Dynamics
2026-08-12,Benjamin Tisch,Loews,3,16,6,25,24.0,,Benjamin Tisch Loews
2026-08-12,Karsanbhai,Emerson Electric,4,16,5,25,20.0,,Karsanbhai Emerson Electric
2026-08-12,John Zillmer,Aramark,6,17,2,25,8.0,,John Zillmer Aramark
2026-08-12,William Hornbuckle,MGM Resorts International,9,15,1,25,4.0,,William Hornbuckle MGM Resorts International
2026-08-12,James Burke,Vistra,4,7,1,12,8.3,,James Burke Vistra
2026-08-12,David Hult,Asbury Automotive Group,3,21,1,25,4.0,,David Hult Asbury Automotive Group
2026-08-12,DG Macpherson,WW Grainger,0,19,3,22,13.6,,DG Macpherson WW Grainger
2026-08-12,Eric Slifka,Global Partners,7,14,4,25,16.0,,Eric Slifka Global Partners
2026-08-12,Bob Pragada,Jacobs Solutions,6,17,2,25,8.0,,Bob Pragada Jacobs Solutions
2026-08-12,Charles Magro,Corteva,1,10,1,12,8.3,,Charles Magro Corteva
2026-08-12,Rick Lanoha,Kiewit Corporation,2,21,1,24,4.2,,Rick Lanoha Kiewit Corporation
2026-08-12,Michael Mahoney,Boston Scientific,7,9,9,25,36.0,,Michael Mahoney Boston Scientific
2026-08-12,Brad Beckham,O'Reilly Automotive,7,16,2,25,8.0,,Brad Beckham O'Reilly Automotive
2026-08-12,Thomas Bell,Leidos,8,16,1,25,4.0,,Thomas Bell Leidos
2026-08-12,Thomas Gayner,Markel Group,6,18,1,25,4.0,,Thomas Gayner Markel Group
2026-08-12,Marc Bitzer,Whirlpool,2,12,11,25,44.0,,Marc Bitzer Whirlpool
2026-08-12,Andrew McMahon,Guardian Life insurance,6,19,0,25,0.0,,Andrew McMahon Guardian Life insurance
2026-08-12,Peter Jackson,Builders FirstSource,3,20,2,25,8.0,,Peter Jackson Builders FirstSource
2026-08-12,Michael Rhodes,Ally Financial,2,21,2,25,8.0,,Michael Rhodes Ally Financial
2026-08-12,Matthew Meloy,Targa Resources,3,14,1,18,5.6,,Matthew Meloy Targa Resources
2026-08-12,James Breuer,Fluor,2,5,2,9,22.2,,James Breuer Fluor
2026-08-12,Sasan Goodarzi,Intuit,3,18,4,25,16.0,,Sasan Goodarzi Intuit
2026-08-12,Troy Rudd,AECOM,6,14,5,25,20.0,,Troy Rudd AECOM
2026-08-12,Penny Pennington,Edward Jones,8,14,3,25,12.0,,Penny Pennington Edward Jones
2026-08-12,Michael Bender,Kohl's,3,18,4,25,16.0,,Michael Bender Kohl's
2026-08-12,Beth Ford,Land O'Lakes,7,13,5,25,20.0,,Beth Ford Land O'Lakes
2026-08-12,Deanna Strable-Soethout,PrIncipal Financial,2,7,0,9,0.0,,Deanna Strable-Soethout PrIncipal Financial
2026-08-12,Robert Blue,Dominion Energy,14,9,2,25,8.0,,Robert Blue Dominion Energy
2026-08-12,Martin Schroeter,Kyndryl,6,15,4,25,16.0,,Martin Schroeter Kyndryl
2026-08-12,Jon Vander Ark,Republic Services,8,10,7,25,28.0,,Jon Vander Ark Republic Services
2026-08-12,Clay Gaspar,Devon Energy,22,3,0,25,0.0,,Clay Gaspar Devon Energy
2026-08-12,Christopher O'Herlihy,Illinois Tool Works,2,15,1,18,5.6,,Christopher O'Herlihy Illinois Tool Works
2026-08-12,Michael O'Grady,Northern Trust,19,5,1,25,4.0,,Michael O'Grady Northern Trust
2026-08-12,Jamie Whisnant,Auto-Owners Insurance,1,2,0,3,0.0,,Jamie Whisnant Auto-Owners Insurance
2026-08-12,Marc Miller,Universal Health Services,7,16,2,25,8.0,,Marc Miller Universal Health Services
2026-08-12,Darryl Button,Pacific Life,4,20,1,25,4.0,,Darryl Button Pacific Life
2026-08-12,Hamid Akhavan,EchoStar,4,12,9,25,36.0,,Hamid Akhavan EchoStar
2026-08-12,Christophe Beck,Ecolab,8,14,3,25,12.0,,Christophe Beck Ecolab
2026-08-12,Jack Fusco,Cheniere Energy,16,7,2,25,8.0,,Jack Fusco Cheniere Energy
2026-08-12,John Wren,Omnicom Group,10,12,3,25,12.0,,John Wren Omnicom Group
2026-08-12,Haviv Ilan,Texas Instruments,6,16,3,25,12.0,,Haviv Ilan Texas Instruments
2026-08-12,David Burritt,United States Steel,8,17,0,25,0.0,,David Burritt United States Steel
2026-08-12,Stéphane de La Faverie,Estée Lauder,8,13,4,25,16.0,,Stéphane de La Faverie Estée Lauder
2026-08-12,Raul Nicholas Vargas Ochoa,Farmers Insurance Exchange,0,0,0,0,0.0,,Raul Nicholas Vargas Ochoa Farmers Insurance Exchange
2026-08-12,Kirk Perry,Kenvue,4,15,6,25,24.0,,Kirk Perry Kenvue
2026-08-12,Ari Bousbib,IQVIA,2,20,3,25,12.0,,Ari Bousbib IQVIA
2026-08-12,Donald Allan,Stanley Black & Decker,7,15,3,25,12.0,,Donald Allan Stanley Black & Decker
2026-08-12,Timothy Cofer,Keurig Dr Pepper,5,7,0,12,0.0,,Timothy Cofer Keurig Dr Pepper
2026-08-12,Matthew Flannery,United Rentals,25,0,0,25,0.0,,Matthew Flannery United Rentals
2026-08-12,Timothy Cawley,Consolidated Edison,7,9,8,24,33.3,,Timothy Cawley Consolidated Edison
2026-08-12,Adam Norwitt,Amphenol,8,16,1,25,4.0,,Adam Norwitt Amphenol
2026-08-12,Brent Shafer,Baxter International,5,15,3,23,13.0,,Brent Shafer Baxter International
2026-08-12,Kimberly Dang,Kinder Morgan,12,2,0,14,0.0,,Kimberly Dang Kinder Morgan
2026-08-12,Erik Nordstrom,Nordstrom,5,18,2,25,8.0,,Erik Nordstrom Nordstrom
2026-08-12,Frank Holding,First Citizens BancShares,5,18,2,25,8.0,,Frank Holding First Citizens BancShares
2026-08-12,Paul Shoukry,Raymond James Financial,8,14,3,25,12.0,,Paul Shoukry Raymond James Financial
2026-08-12,Timothy Archer,Lam Research,5,17,3,25,12.0,,Timothy Archer Lam Research
2026-08-12,Harry Lawton III,Tractor Supply,4,18,3,25,12.0,,Harry Lawton III Tractor Supply
2026-08-12,Darren Rebelez,Caseys General Stores,6,18,1,25,4.0,,Darren Rebelez Caseys General Stores
2026-08-12,Scott Smith,Viatris,6,16,3,25,12.0,,Scott Smith Viatris
2026-08-12,James Blackledge,Mutual of Omaha,1,19,1,21,4.8,,James Blackledge Mutual of Omaha
2026-08-12,Anthony Guzzi,EMCOR Group,1,14,2,17,11.8,,Anthony Guzzi EMCOR Group
2026-08-12,Joseph Hinrichs,CSX,3,16,6,25,24.0,,Joseph Hinrichs CSX
2026-08-12,Justin Jude,LKQ,8,13,4,25,16.0,,Justin Jude LKQ
2026-08-12,Judith Marks,Otis Worldwide,4,19,2,25,8.0,,Judith Marks Otis Worldwide
2026-08-12,David Bruton Smith,Sonic Automotive,5,9,11,25,44.0,,David Bruton Smith Sonic Automotive
2026-08-12,Martina Cheung,S&P Global,9,15,1,25,4.0,,Martina Cheung S&P Global
2026-08-12,Leonard Schleifer,Regeneron Pharmaceuticals,5,16,4,25,16.0,,Leonard Schleifer Regeneron Pharmaceuticals
2026-08-12,Joseph Fadool,BorgWarner,3,16,0,19,0.0,,Joseph Fadool BorgWarner
2026-08-12,Karla Lewis,Reliance Inc,3,6,1,10,10.0,,Karla Lewis Reliance Inc
2026-08-12,John Barrett,Western & Southern Financial,3,21,1,25,4.0,,John Barrett Western & Southern Financial
2026-08-12,Scott Donnelly,Textron,5,20,0,25,0.0,,Scott Donnelly Textron
2026-08-12,Ariane Gorin,Expedia,7,16,2,25,8.0,,Ariane Gorin Expedia
2026-08-12,Michael Nolan,Fidelity National Financial,4,17,4,25,16.0,,Michael Nolan Fidelity National Financial
2026-08-12,Ernest Garcia III,Carvana,8,13,4,25,16.0,,Ernest Garcia III Carvana
2026-08-12,Raul Fernandez,DXC Technology,5,17,3,25,12.0,,Raul Fernandez DXC Technology
2026-08-12,Robert Berkley,WR Berkley,4,14,7,25,28.0,,Robert Berkley WR Berkley
2026-08-12,René Jones,M&T Bank,7,15,3,25,12.0,,René Jones M&T Bank
2026-08-12,Lauren Hobart,Dicks Sporting Goods,6,13,6,25,24.0,,Lauren Hobart Dicks Sporting Goods
2026-08-12,Robert Frenzel,Xcel Energy,12,6,7,25,28.0,,Robert Frenzel Xcel Energy
2026-08-12,Timothy Spence,Fifth Third Bancorp,7,12,6,25,24.0,,Timothy Spence Fifth Third Bancorp
2026-08-12,Stephen Schwarzman,Blackstone,7,14,4,25,16.0,,Stephen Schwarzman Blackstone
2026-08-12,Walker Martin,Sempra,1,1,1,3,33.3,,Walker Martin Sempra
2026-08-12,Timothy NeCastro,Erie Insurance,4,11,2,17,11.8,,Timothy NeCastro Erie Insurance
2026-08-12,Wendell Weeks,Corning,7,13,5,25,20.0,,Wendell Weeks Corning
2026-08-12,Kathleen Johnson,Lumen Technologies,10,14,1,25,4.0,,Kathleen Johnson Lumen Technologies
2026-08-12,Brian Tierney,FirstEnergy,5,16,4,25,16.0,,Brian Tierney FirstEnergy
2026-08-12,Adam Schechter,Labcorp Holdings,9,9,3,21,14.3,,Adam Schechter Labcorp Holdings
2026-08-12,Tiang Yew Tan,Western Digital,2,3,2,7,28.6,,Tiang Yew Tan Western Digital
2026-08-12,Rick McKenney,Unum Group,16,8,1,25,4.0,,Rick McKenney Unum Group
2026-08-12,Javier Rodriguez,DaVita,13,12,0,25,0.0,,Javier Rodriguez DaVita
2026-08-12,Steven Cahillane,Kellanova,0,24,1,25,4.0,,Steven Cahillane Kellanova
2026-08-12,Stanley Bergman,Henry Schein,1,18,6,25,24.0,,Stanley Bergman Henry Schein
2026-08-12,Robert Sanchez,Ryder System,2,21,2,25,8.0,,Robert Sanchez Ryder System
2026-08-12,Tim Hingtgen,Community Health Systems,4,16,5,25,20.0,,Tim Hingtgen Community Health Systems
2026-08-12,Avigal Soreq,Delek US,3,18,4,25,16.0,,Avigal Soreq Delek US
2026-08-12,Gerardo Norcia,DTE Energy,6,3,0,9,0.0,,Gerardo Norcia DTE Energy
2026-08-12,Mark Pearson,Equitable Holdings,5,19,1,25,4.0,,Mark Pearson Equitable Holdings
2026-08-12,Lori Koch,DuPont de Nemours,5,18,2,25,8.0,,Lori Koch DuPont
2026-08-12,Rich Steinmeier,LPL Financial,14,9,2,25,8.0,,Rich Steinmeier LPL Financial
2026-08-12,Bruce Van Saun,Citizens Financial Group,13,10,2,25,8.0,,Bruce Van Saun Citizens Financial Group
2026-08-12,José Mas,MasTec,3,22,0,25,0.0,,José Mas MasTec
2026-08-12,Andrés Gluski,AES,5,18,2,25,8.0,,Andrés Gluski AES
2026-08-12,Kevin Kwilinski,Berry Global,4,13,0,17,0.0,,Kevin Kwilinski Berry Global
2026-08-12,Mark George,Norfolk Southern,9,16,0,25,0.0,,Mark George Norfolk Southern
2026-08-12,Eduardo Menezes,Air Products & Chemicals,5,14,6,25,24.0,,Eduardo Menezes Air Products & Chemicals
2026-08-12,Shelley Simpson,JB Hunt Transport Services,10,15,0,25,0.0,,Shelley Simpson JB Hunt Transport Services
2026-08-12,Daniel Fisher,Ball Corporation,1,19,5,25,20.0,,Daniel Fisher Ball Corporation
2026-08-12,Sean Connolly,Conagra Brands,2,21,2,25,8.0,,Sean Connolly Conagra Brands
2026-08-12,Stephen Steinour,Huntington Bancshares,7,13,5,25,20.0,,Stephen Steinour Huntington Bancshares
2026-08-12,James Snee,Hormel Foods,3,21,1,25,4.0,,James Snee Hormel Foods
2026-08-12,Joseph Nolan,Eversource Energy,7,14,4,25,16.0,,Joseph Nolan Eversource Energy
2026-08-12,William Oplinger,Alcoa Corporation,7,16,2,25,8.0,,William Oplinger Alcoa Corporation
2026-08-12,Andrew Marsh,Entergy,3,12,1,16,6.2,,Andrew Marsh Entergy
2026-08-12,Keith Demmings,Assurant,2,22,1,25,4.0,,Keith Demmings Assurant
2026-08-12,Sumit Singh,Chewy,8,10,7,25,28.0,,Sumit Singh Chewy
2026-08-12,Niraj Shah,Wayfair,10,12,3,25,12.0,,Niraj Shah Wayfair
2026-08-12,Joseph Ferraro,Avis Budget,0,12,1,13,7.7,,Joseph Ferraro Avis Budget
2026-08-12,Jeffrey Sprecher,Intercontinental Exchange,7,16,2,25,8.0,,Jeffrey Sprecher Intercontinental Exchange
2026-08-12,Benito Minicucci,Alaska Air,2,9,2,13,15.4,,Benito Minicucci Alaska Air
2026-08-12,Malcolm Wilson,GXO Logistics,8,17,0,25,0.0,,Malcolm Wilson GXO Logistics
2026-08-12,Eric Hansotia,AGCO,11,11,3,25,12.0,,Eric Hansotia AGCO
2026-08-12,Kathleen Mazzarella,Graybar Electric,10,15,0,25,0.0,,Kathleen Mazzarella Graybar Electric
2026-08-12,Gavin Hattersley,Molson Coors Beverage,4,20,1,25,4.0,,Gavin Hattersley Molson Coors Beverage
2026-08-12,Patrick Gallagher,Arthur J Gallagher,4,19,2,25,8.0,,Patrick Gallagher Arthur J Gallagher
2026-08-12,Christopher Kastner,Huntington Ingalls Industries,3,20,2,25,8.0,,Christopher Kastner Huntington Ingalls Industries
2026-08-12,Erik Fyrwald,International Flavors & Fragrances,6,14,3,23,13.0,,Erik Fyrwald International Flavors & Fragrances
2026-08-12,Ricardo Cardenas,Darden Restaurants,11,13,1,25,4.0,,Ricardo Cardenas Darden Restaurants
2026-08-12,Stephen Spray,CIncinnati Financial,1,17,7,25,28.0,,Stephen Spray CIncinnati Financial
2026-08-12,Scott Boatwright,Chipotle Mexican Grill,8,14,3,25,12.0,,Scott Boatwright Chipotle Mexican Grill
2026-08-12,Joey Wat,Yum China,5,19,1,25,4.0,,Joey Wat Yum China
2026-08-12,Robert Goldstein,Las Vegas Sands,3,18,4,25,16.0,,Robert Goldstein Las Vegas Sands
2026-08-12,Kecia Steelman,Ulta Beauty,21,4,0,25,0.0,,Kecia Steelman Ulta Beauty
2026-08-12,Thomas Reeg,Caesars Entertainment,11,12,2,25,8.0,,Thomas Reeg Caesars Entertainment
2026-08-12,Jon Rousseau,BrightSpring Health Services,7,18,0,25,0.0,,Jon Rousseau BrightSpring Health Services
2026-08-12,William Krueger,The Andersons Inc,3,10,0,13,0.0,,William Krueger The Andersons Inc
2026-08-12,Michele Buck,Hershey,5,18,2,25,8.0,,Michele Buck Hershey
2026-08-12,Christopher Nassetta,Hilton Worldwide,9,13,3,25,12.0,,Christopher Nassetta Hilton Worldwide
2026-08-12,Bruce Bodine,The Mosaic Company,3,14,8,25,32.0,,Bruce Bodine The Mosaic Company
2026-08-12,Brian Chesky,Airbnb,10,13,2,25,8.0,,Brian Chesky Airbnb
2026-08-12,Kaes Van’t Hof,Diamondback Energy,12,8,5,25,20.0,,Kaes Van’t Hof Diamondback Energy
2026-08-12,Steven Vondran,American Tower,6,5,3,14,21.4,,Steven Vondran American Tower
2026-08-12,Reshma Kewalramani,Vertex Pharmaceuticals,4,20,1,25,4.0,,Reshma Kewalramani Vertex Pharmaceuticals
2026-08-12,William McDermott,ServiceNow,8,11,6,25,24.0,,William McDermott ServiceNow
2026-08-12,Brian Chambers,Owens Corning,3,18,4,25,16.0,,Brian Chambers Owens Corning
2026-08-12,Teresa Rasmussen,Thrivent Financial for Lutherans,2,8,0,10,0.0,,Teresa Rasmussen Thrivent Financial for Lutherans
2026-08-12,Shane O'Kelly,Advance Auto Parts,5,18,2,25,8.0,,Shane O'Kelly Advance Auto Parts
2026-08-12,Douglas Yearley,Toll Brothers,5,18,2,25,8.0,,Douglas Yearley Toll Brothers
2026-08-12,Jeffrey Lorberbaum,Mohawk Industries,7,13,5,25,20.0,,Jeffrey Lorberbaum Mohawk Industries
2026-08-12,Gregory Brown,Motorola Solutions,4,20,1,25,4.0,,Gregory Brown Motorola Solutions
2026-08-12,John Pfeifer,Oshkosh Corporation,6,17,2,25,8.0,,John Pfeifer Oshkosh Corporation
2026-08-12,Tony Xu,DoorDash,6,16,3,25,12.0,,Tony Xu DoorDash
2026-08-12,Edward Pesicka,Owens & Minor,7,15,3,25,12.0,,Edward Pesicka Owens & Minor
2026-08-12,Eugene Bredow,NVR Inc,0,9,1,10,10.0,,Eugene Bredow NVR Inc
2026-08-12,Philippe Krakowsky,Interpublic Group,6,17,2,25,8.0,,Philippe Krakowsky Interpublic Group
2026-08-12,Horacio Rozanski,Booz Allen Hamilton,4,14,7,25,28.0,,Horacio Rozanski Booz Allen Hamilton
2026-08-12,Michael O’Sullivan,Burlington Stores,11,14,0,25,0.0,,Michael O’Sullivan Burlington Stores
2026-08-12,Daniel Wall,Expeditors International of Washington,2,6,2,10,20.0,,Daniel Wall Expeditors International of Washington
2026-08-12,Calvin McDonald,Lululemon athletica,4,18,3,25,12.0,,Calvin McDonald Lululemon athletica
2026-08-12,Stephanie Ferris,Fidelity National Information Services,3,19,3,25,12.0,,Stephanie Ferris Fidelity National Information Services
2026-08-12,Rich Handler,Jefferies Financial,10,7,8,25,32.0,,Rich Handler Jefferies Financial
2026-08-12,Alan Armstrong,Williams Companies,7,16,2,25,8.0,,Alan Armstrong Williams Companies
2026-08-12,Bracken Darrell,VF Corporation,12,11,2,25,8.0,,Bracken Darrell VF Corporation
2026-08-12,Mikael Bratt,Autoliv,3,9,2,14,14.3,,Mikael Bratt Autoliv
2026-08-12,Rafael Santana,Westinghouse Air Brake Technologies,9,15,1,25,4.0,,Rafael Santana Westinghouse Air Brake Technologies
2026-08-12,Ralph LaRossa,Public Service Enterprise Group,9,12,4,25,16.0,,Ralph LaRossa Public Service Enterprise Group
2026-08-12,Jamie Iannone,Ebay,9,14,2,25,8.0,,Jamie Iannone Ebay
2026-08-12,Scott Richardson,Celanese,8,9,1,18,5.6,,Scott Richardson Celanese
2026-08-12,Cameron Bready,Global Payments,4,16,5,25,20.0,,Cameron Bready Global Payments
2026-08-12,Robert Thomson,News Corp,12,7,6,25,24.0,,Robert Thomson News Corp
2026-08-12,Robert Martin,THOR Industries,8,13,2,23,8.7,,Robert Martin THOR Industries
2026-08-12,David Rawlinson II,QVC Group,3,19,3,25,12.0,,David Rawlinson II QVC Group
2026-08-12,Andrew Teno,Icahn Enterprises,4,6,3,13,23.1,,Andrew Teno Icahn Enterprises
2026-08-12,William Newlands,Constellation Brands,3,16,6,25,24.0,,William Newlands Constellation Brands
2026-08-12,James Davis,Quest Diagnostics,8,16,1,25,4.0,,James Davis Quest Diagnostics
2026-08-12,Richard Wallace,KLA,9,10,1,20,5.0,,Richard Wallace KLA
2026-08-12,Brad Jacobs,QXO Building Products,5,18,2,25,8.0,,Brad Jacobs QXO Building Products
2026-08-12,John Christmann IV,APA,2,13,2,17,11.8,,John Christmann IV APA
2026-08-12,Gregory Roberts,A-Mark Precious Metals,9,14,1,24,4.2,,Gregory Roberts A-Mark Precious Metals
2026-08-12,Christopher Viehbacher,Biogen,7,17,1,25,4.0,,Christopher Viehbacher Biogen
2026-08-12,Mick Beekhuizen,Campbell Soup,5,15,5,25,20.0,,Mick Beekhuizen Campbell Soup
2026-08-12,Christopher Caldwell,Concentrix,9,13,3,25,12.0,,Christopher Caldwell Concentrix
2026-08-12,Todd Schneider,Cintas,6,17,2,25,8.0,,Todd Schneider Cintas
2026-08-12,Tony Sarsam,SpartanNash,8,16,1,25,4.0,,Tony Sarsam SpartanNash
2026-08-12,John Venhuizen,Ace Hardware,5,19,1,25,4.0,,John Venhuizen Ace Hardware
2026-08-12,Vincent Roche,Analog Devices,16,7,2,25,8.0,,Vincent Roche Analog Devices
2026-08-12,Mark Costa,Eastman Chemical,4,18,3,25,12.0,,Mark Costa Eastman Chemical
2026-08-12,Milan Galik,Interactive Brokers,4,17,4,25,16.0,,Milan Galik Interactive Brokers
2026-08-12,John Turner,Regions Financial,5,19,1,25,4.0,,John Turner Regions Financial
2026-08-12,Joanna Geraghty,JetBlue Airways,5,14,6,25,24.0,,Joanna Geraghty JetBlue Airways
2026-08-12,Kristin Peck,Zoetis,9,11,5,25,20.0,,Kristin Peck Zoetis
2026-08-12,Christopher Gorman,KeyCorp,7,14,4,25,16.0,,Christopher Gorman KeyCorp
2026-08-12,Mark Bertolini,Oscar Health,15,7,3,25,12.0,,Mark Bertolini Oscar Health
2026-08-12,Brendan McCracken,Ovintiv,6,9,0,15,0.0,,Brendan McCracken Ovintiv
2026-08-12,Robert Steer,Seaboard,1,8,1,10,10.0,,Robert Steer Seaboard
2026-08-12,Gil West,Hertz,8,14,3,25,12.0,,Gil West Hertz
2026-08-12,Robert Greenberg,Skechers USA,7,16,2,25,8.0,,Robert Greenberg Skechers USA
2026-08-12,Dennis Mathew,Altice USA,7,16,2,25,8.0,,Dennis Mathew Altice USA
2026-08-12,Clay Williams,NOV,8,14,3,25,12.0,,Clay Williams NOV
2026-08-12,Michael Doss,Graphic Packaging,2,19,4,25,16.0,,Michael Doss Graphic Packaging
2026-08-12,Deon Stander,Avery Dennison,2,14,3,19,15.8,,Deon Stander Avery Dennison
2026-08-12,Adaire Fox-Martin,Equinix,8,14,3,25,12.0,,Adaire Fox-Martin Equinix
2026-08-12,Joyce Mullen,Insight Enterprises,6,15,4,25,16.0,,Joyce Mullen Insight Enterprises
2026-08-12,Jennifer Witz,Sirius XM,6,18,1,25,4.0,,Jennifer Witz Sirius XM
2026-08-12,Stefan Larsson,PVH,9,11,5,25,20.0,,Stefan Larsson PVH
2026-08-12,Jason P Wells,CenterPoint Energy,11,4,2,17,11.8,,Jason P Wells CenterPoint Energy
2026-08-12,Scott Lauber,WEC Energy,17,8,0,25,0.0,,Scott Lauber WEC Energy
2026-08-12,Matthew Pine,Xylem Inc,5,15,2,22,9.1,,Matthew Pine Xylem Inc
2026-08-12,Jennifer Johnson,Franklin Resources,7,14,4,25,16.0,,Jennifer Johnson Franklin Resources
2026-08-12,Vincent Sorgi,PPL Corporation,7,16,2,25,8.0,,Vincent Sorgi PPL Corporation
2026-08-12,Carl Eschenbach,Workday,4,17,4,25,16.0,,Carl Eschenbach Workday
2026-08-12,Richard Tobin,Dover Corporation,8,15,2,25,8.0,,Richard Tobin Dover Corporation
2026-08-12,Mark Kowlzan,Packaging Corp of America,8,13,4,25,16.0,,Mark Kowlzan Packaging Corp of America
2026-08-12,Scott Salmirs,ABM Industries,4,19,2,25,8.0,,Scott Salmirs ABM Industries
2026-08-12,Gary Guthart,Intuitive Surgical,4,16,5,25,20.0,,Gary Guthart Intuitive Surgical
2026-08-12,Carl Lindner lll,American Financial Group,6,6,13,25,52.0,,Carl Lindner lll American Financial Group
2026-08-12,Blake Moret,Rockwell Automation,8,15,2,25,8.0,,Blake Moret Rockwell Automation
2026-08-12,Bryan Hanson,Solventum,6,17,2,25,8.0,,Bryan Hanson Solventum
2026-08-12,Craig Smiddy,Old Republic International,1,10,0,11,0.0,,Craig Smiddy Old Republic International
2026-08-12,Christopher Hilger,Securian Financial,3,10,0,13,0.0,,Christopher Hilger Securian Financial
2026-08-12,Hamid Moghadam,Prologis,0,20,5,25,20.0,,Hamid Moghadam Prologis
2026-08-12,Mark Smucker,JM Smucker,5,18,2,25,8.0,,Mark Smucker JM Smucker
2026-08-12,Sheryl Palmer,Taylor Morrison Home,4,21,0,25,0.0,,Sheryl Palmer Taylor Morrison Home
2026-08-12,Mario Harik,XPO,6,17,2,25,8.0,,Mario Harik XPO
2026-08-12,Heather Lavallee,Voya Financial,7,14,1,22,4.5,,Heather Lavallee Voya Financial
2026-08-12,Nikesh Arora,Palo Alto Networks,9,13,3,25,12.0,,Nikesh Arora Palo Alto Networks
2026-08-12,Giordano Albertazzi,Vertiv,6,13,6,25,24.0,,Giordano Albertazzi Vertiv
2026-08-12,Shankh Mitra,Welltower,8,10,7,25,28.0,,Shankh Mitra Welltower
2026-08-12,Mary Dillon,Foot Locker,4,20,1,25,4.0,,Mary Dillon Foot Locker
2026-08-12,William Monteleone,Par Pacific,2,7,0,9,0.0,,William Monteleone Par Pacific
2026-08-12,Kevin Stein,TransDigm,5,10,4,19,21.1,,Kevin Stein TransDigm
2026-08-12,Peter Matt,Commercial Metals,8,14,3,25,12.0,,Peter Matt Commercial Metals
2026-08-12,Rob Vitale,Post Holdings,0,20,5,25,20.0,,Rob Vitale Post Holdings
2026-08-12,Keith Allman,Masco,2,17,0,19,0.0,,Keith Allman Masco
2026-08-12,Rusty Rush,Rush Enterprises,7,17,1,25,4.0,,Rusty Rush Rush Enterprises
2026-08-12,Stuart Bradie,KBR,6,15,4,25,16.0,,Stuart Bradie KBR
2026-08-12,Jack Sinclair,Sprouts Farmers Market,9,13,3,25,12.0,,Jack Sinclair Sprouts Farmers Market
2026-08-12,Laura Alber,Williams-Sonoma,5,18,2,25,8.0,,Laura Alber Williams-Sonoma
2026-08-12,Ivan Tornos,Zimmer Biomet,3,17,5,25,20.0,,Ivan Tornos Zimmer Biomet
2026-08-12,John Mengucci,CACI International,7,16,2,25,8.0,,John Mengucci CACI International
2026-08-12,Steve Sanghi,Microchip Technology,10,14,1,25,4.0,,Steve Sanghi Microchip Technology
2026-08-12,Albert Nahmad,Watsco,1,19,5,25,20.0,,Albert Nahmad Watsco
2026-08-12,Christopher Peterson,Newell Brands,6,15,4,25,16.0,,Christopher Peterson Newell Brands
2026-08-12,Arie Kotler,ARKO,6,19,0,25,0.0,,Arie Kotler ARKO
2026-08-12,Jure Sola,Sanmina,2,17,0,19,0.0,,Jure Sola Sanmina
2026-08-12,Andrew Wilson,Electronic Arts,3,19,3,25,12.0,,Andrew Wilson Electronic Arts
2026-08-12,David Gibbs,Yum Brands,7,17,1,25,4.0,,David Gibbs Yum Brands
2026-08-12,Daniel Florness,Fastenal,3,19,3,25,12.0,,Daniel Florness Fastenal
2026-08-12,Garrick Rochow,CMS Energy,23,2,0,25,0.0,,Garrick Rochow CMS Energy
2026-08-12,Rodney Sacks,Monster Beverage,9,15,1,25,4.0,,Rodney Sacks Monster Beverage
2026-08-12,Mark Shapiro,Endeavor Group Holdings,0,22,3,25,12.0,,Mark Shapiro Endeavor Group Holdings
2026-08-12,Toni Townes-Whitley,Science Applications International,6,18,1,25,4.0,,Toni Townes-Whitley Science Applications International
2026-08-12,Mark Witkowski,Core & Main,2,17,5,24,20.8,,Mark Witkowski Core & Main
2026-08-12,John Plant,Howmet Aerospace,0,24,1,25,4.0,,John Plant Howmet Aerospace
2026-08-12,James Zallie,Ingredion,6,16,3,25,12.0,,James Zallie Ingredion
2026-08-12,Thomas Hill,Vulcan Materials,9,15,1,25,4.0,,Thomas Hill Vulcan Materials
2026-08-12,Donald Zurbay,Patterson Companies Inc,1,3,1,5,20.0,,Donald Zurbay Patterson Companies Inc
2026-08-12,Anthony Smurfit,Smurfit Westrock,4,15,6,25,24.0,,Anthony Smurfit Smurfit Westrock
2026-08-12,Richard P Dealy,Pioneer Natural Resources,7,3,0,10,0.0,,Richard P Dealy Pioneer Natural Resources
2026-08-12,Derek Chang,Liberty Media,20,5,0,25,0.0,,Derek Chang Liberty Media
2026-08-12,Timothy J Donahue,Crown Holdings,7,15,3,25,12.0,,Timothy J Donahue Crown Holdings
2026-08-12,R Bruce McDonald,Dana Incorporated,10,12,3,25,12.0,,R Bruce McDonald Dana Incorporated
2026-08-12,J Kent Masters,Albemarle Corporation,10,11,4,25,16.0,,J Kent Masters Albemarle Corporation
2026-08-12,Malcolm C Roberts,FM Global,4,11,2,17,11.8,,Malcolm C Roberts FM Global
2026-08-12,Mike Speetzen,Polaris Inc,3,15,7,25,28.0,,Mike Speetzen Polaris Inc
2026-08-12,Bob Flexon,UGI Utilities Inc,1,6,1,8,12.5,,Bob Flexon UGI Utilities Inc
2026-08-12,Robert D Lawler,Continental Resources,0,4,0,4,0.0,,Robert D Lawler Continental Resources
2026-08-12,Domenic Dell’Osso Jr,Expand Energy Corporation,23,0,0,23,0.0,,Domenic Dell’Osso Jr Expand Energy Corporation
2026-08-12,H Michael Krimbill,NGL Energy Partners,5,5,0,10,0.0,,H Michael Krimbill NGL Energy Partners
2026-08-12,Hassane El-Khoury,ON Semiconductor,3,16,6,25,24.0,,Hassane El-Khoury ON Semiconductor
2026-08-12,Joseph M Otting,Flagstar Financial,8,10,7,25,28.0,,Joseph M Otting Flagstar Financial
2026-08-12,Gerry P Smith,ODP Business Solutions,3,7,1,11,9.1,,Gerry P Smith ODP Business Solutions
2026-08-12,Devin Stockfish,Weyerhaeuser,7,18,0,25,0.0,,Devin Stockfish Weyerhaeuser
2026-08-12,Thomas J McInerney,Genworth Financial,2,9,5,16,31.2,,Thomas J McInerney Genworth Financial
2026-08-12,Daniel Heaf,Bath & Body Works,7,17,1,25,4.0,,Daniel Heaf Bath & Body Works
2026-08-12,Linda Rendle,Clorox,1,21,3,25,12.0,,Linda Rendle Clorox
2026-08-12,Frank C Sullivan,RPM International,7,15,3,25,12.0,,Frank C Sullivan RPM International
2026-08-12,Matthew Missad,UFP Industries,7,7,1,15,6.7,,Matthew Missad UFP Industries
2026-08-12,Martin J Lyons,Ameren,3,9,1,13,7.7,,Martin J Lyons Ameren
2026-08-12,Adam W Miller,Knight Swift Transportation,6,16,3,25,12.0,,Adam W Miller Knight Swift Transportation
2026-08-12,Charles Liang,Super Micro Computer,16,6,3,25,12.0,,Charles Liang Super Micro Computer
2026-08-12,Gordon J Hardie,O-I Glass,0,4,1,5,20.0,,Gordon J Hardie O-I Glass
2026-08-12,Steve Henry,Domtar,2,8,0,10,0.0,,Steve Henry Domtar
2026-08-12,Chuck Treadway,CommScope,5,14,3,22,13.6,,Chuck Treadway CommScope
2026-08-12,Steven J Moskowitz,Crown Castle,3,7,2,12,16.7,,Steven J Moskowitz Crown Castle
2026-08-12,Emmanuel Ligner,Avantor,0,9,1,10,10.0,,Emmanuel Ligner Avantor
2026-08-12,Kaz Nejatian,Opendoor Technologies,5,13,7,25,28.0,,Kaz Nejatian Opendoor Technologies
2026-08-12,Russell Becker,APi Group,3,19,3,25,12.0,,Russell Becker APi Group
2026-08-12,Toby Rice,EQT,14,5,6,25,24.0,,Toby Rice EQT
2026-08-12,Jesse Arenivas,EnLink Midstream,4,9,0,13,0.0,,Jesse Arenivas EnLink Midstream
2026-08-12,Steven Bandrowczak,Xerox,4,20,1,25,4.0,,Steven Bandrowczak Xerox
2026-08-12,Vicente Reynal,Ingersoll Rand,2,22,1,25,4.0,,Vicente Reynal Ingersoll Rand
2026-08-12,William T Dillard II,Dillards,8,13,4,25,16.0,,William T Dillard II Dillards
2026-08-12,C Howard Nye,Martin Marietta Materials,3,3,3,9,33.3,,C Howard Nye Martin Marietta Materials
2026-08-12,Stephane Bancel,Moderna,6,11,8,25,32.0,,Stephane Bancel Moderna
2026-08-12,Nate R Jorgensen,Boise Cascade,0,1,0,1,0.0,,Nate R Jorgensen Boise Cascade
2026-08-12,Padraig McDonnell,Agilent Technologies,6,19,0,25,0.0,,Padraig McDonnell Agilent Technologies
2026-08-12,Kenneth T Lane,Olin Corporation,1,7,2,10,20.0,,Kenneth T Lane Olin Corporation
2026-08-12,Randall C Stuewe,Darling Ingredients,20,1,0,21,0.0,,Randall C Stuewe Darling Ingredients
2026-08-12,R Howard Coker,Sonoco Products,5,10,0,15,0.0,,R Howard Coker Sonoco Products
2026-08-12,Lee M Tillman,Marathon Oil,1,12,1,14,7.1,,Lee M Tillman Marathon Oil
2026-08-12,Mark Hoplamazian,Hyatt Hotels,7,16,2,25,8.0,,Mark Hoplamazian Hyatt Hotels
2026-08-12,David S Chernow,Select Medical Holdings,0,9,0,9,0.0,,David S Chernow Select Medical Holdings
2026-08-12,Brendan M Foley,McCormick & Company,6,17,2,25,8.0,,Brendan M Foley McCormick & Company
2026-08-12,Joanne Crevoiserat,Tapestry,10,15,0,25,0.0,,Joanne Crevoiserat Tapestry
2026-08-12,W Anthony Will,CF Industries,3,19,3,25,12.0,,W Anthony Will CF Industries
2026-08-12,David A Zapico,Ametek,1,23,1,25,4.0,,David A Zapico Ametek
2026-08-12,Craig Billings,Wynn Resorts,7,18,0,25,0.0,,Craig Billings Wynn Resorts
2026-08-12,Giel Rutten,Amkor Technology,5,19,1,25,4.0,,Giel Rutten Amkor Technology
2026-08-12,Paul Sarvadi,Insperity,8,16,1,25,4.0,,Paul Sarvadi Insperity
2026-08-12,Rob Sharps,T Rowe Price,8,10,7,25,28.0,,Rob Sharps T Rowe Price
2026-08-12,Patrice Louvet,Ralph Lauren,8,16,1,25,4.0,,Patrice Louvet Ralph Lauren
2026-08-12,Jeffrey Mezger,KB Home,3,17,5,25,20.0,,Jeffrey Mezger KB Home
2026-08-12,David M Foulkes,Brunswick Corporation,2,12,0,14,0.0,,David M Foulkes Brunswick Corporation
2026-08-12,M Keith Waddell,Robert Half,11,14,0,25,0.0,,M Keith Waddell Robert Half
2026-08-12,Jay Snowden,PENN Entertainment,17,5,3,25,12.0,,Jay Snowden PENN Entertainment
2026-08-12,George Kurian,NetApp,5,18,2,25,8.0,,George Kurian NetApp
2026-08-12,Kevin Ali,Organon,3,12,10,25,40.0,,Kevin Ali Organon
2026-08-12,Joel D Anderson,Petco Health and Wellness,6,12,0,18,0.0,,Joel D Anderson Petco Health and Wellness
2026-08-12,Louis V Pinkham,Regal Rexnord,3,7,2,12,16.7,,Louis V Pinkham Regal Rexnord
2026-08-12,Jay Geldmacher,Resideo Technologies,10,13,0,23,0.0,,Jay Geldmacher Resideo Technologies
2026-08-12,Marcus Lemonis,Camping World,3,17,5,25,20.0,,Marcus Lemonis Camping World
2026-08-12,Peter R Huntsman,Huntsman Corporation,7,14,4,25,16.0,,Peter R Huntsman Huntsman
2026-08-12,Hillary Super,Victorias Secret,11,11,3,25,12.0,,Hillary Super Victorias Secret
2026-08-12,Michelle Gass,Levi Strauss,9,15,1,25,4.0,,Michelle Gass Levi Strauss
2026-08-12,Neil Hunn,Roper Technologies,3,22,0,25,0.0,,Neil Hunn Roper Technologies
2026-08-12,Steven P Lawrence,Academy Sports and Outdoors,2,3,0,5,0.0,,Steven P Lawrence Academy Sports and Outdoors
2026-08-12,Phillippe Lord,Meritage Homes,7,14,4,25,16.0,,Phillippe Lord Meritage Homes
2026-08-12,David C Dauch,American Axle & Manufacturing,2,22,1,25,4.0,,David C Dauch American Axle & Manufacturing
2026-08-12,Olumide Soroye,Fortive,6,17,2,25,8.0,,Olumide Soroye Fortive
2026-08-12,Adena Friedman,Nasdaq Inc,7,14,4,25,16.0,,Adena Friedman Nasdaq Inc
2026-08-12,Tim Gokey,Broadridge Financial Solutions,8,17,0,25,0.0,,Tim Gokey Broadridge Financial Solutions
2026-08-12,Patrick M Shanahan,Spirit AeroSystems,4,17,1,22,4.5,,Patrick M Shanahan Spirit AeroSystems
2026-08-12,Robert Kyncl,Warner Music Group,13,11,1,25,4.0,,Robert Kyncl Warner Music Group
2026-08-12,Denise Dignam,Chemours,3,15,7,25,28.0,,Denise Dignam Chemours
2026-08-12,Jim DeVries,ADT,11,11,3,25,12.0,,Jim DeVries ADT
2026-08-12,Bernard Zovighian,Edwards Lifesciences,6,15,4,25,16.0,,Bernard Zovighian Edwards Lifesciences
2026-08-12,Mark E Seaton,First American Financial,0,13,4,17,23.5,,Mark E Seaton First American Financial
2026-08-12,John C Roche,Hanover Insurance Group,5,17,3,25,12.0,,John C Roche Hanover Insurance Group
2026-08-12,Adam J Greenlee,Silgan,1,5,1,7,14.3,,Adam J Greenlee Silgan
2026-08-12,Jayne Hrdlicka,Endeavor Group,7,7,11,25,44.0,,Jayne Hrdlicka Endeavor Group
2026-08-12,Robert Fauber,Moodys Corporation,4,17,4,25,16.0,,Robert Fauber Moodys Corporation
2026-08-12,Thomas E Jorden,Coterra Energy,15,0,0,15,0.0,,Thomas E Jorden Coterra Energy
2026-08-12,Eugene A Hall,Gartner,3,20,2,25,8.0,,Eugene A Hall Gartner
2026-08-12,Kevin Plank,Under Armour,1,15,9,25,36.0,,Kevin Plank Under Armour
2026-08-12,James W Lanning,Ingles Markets,4,3,1,8,12.5,,James W Lanning Ingles Markets
2026-08-12,Matthew T Farrell,Church & Dwight,15,9,1,25,4.0,,Matthew T Farrell Church & Dwight
2026-08-12,Kevin M Freeman,Old Dominion Freight Line,4,6,0,10,0.0,,Kevin M Freeman Old Dominion Freight Line
2026-08-12,Joe Shoen,U-Haul,7,13,5,25,20.0,,Joe Shoen U-Haul
2026-08-12,Jayshree Ullal,Arista Networks,8,17,0,25,0.0,,Jayshree Ullal Arista Networks
2026-08-12,Sassine Ghazi,Synopsys,4,17,4,25,16.0,,Sassine Ghazi Synopsys
2026-08-12,Jochen Zeitz,Harley-Davidson,3,19,3,25,12.0,,Jochen Zeitz Harley-Davidson
2026-08-12,Nick Jeffery,Frontier Communications,4,19,2,25,8.0,,Nick Jeffery Frontier Communications
2026-08-12,Thomas Edward McCormick,Primoris Services,2,3,0,5,0.0,,Thomas Edward McCormick Primoris Services
2026-08-12,D Christian Koch,Carlisle Companies,3,20,2,25,8.0,,D Christian Koch Carlisle Companies
2026-08-12,David E Simon,Simon Property Group,3,18,4,25,16.0,,David E Simon Simon Property Group
2026-08-12,Stephen Bratspies,Hanesbrands,5,19,1,25,4.0,,Stephen Bratspies Hanesbrands
2026-08-12,Ryan M. Schneider,Anywhere Real Estate Inc,4,19,2,25,8.0,,Ryan M. Schneider Anywhere Real Estate Inc
2026-08-12,George Bobb III,Teledyne Technologies,0,6,1,7,14.3,,George Bobb III Teledyne Technologies
2026-08-12,Terrence A Duffy,CME Group,4,17,4,25,16.0,,Terrence A Duffy CME Group
2026-08-12,Rami Rahim,Juniper Networks,6,18,1,25,4.0,,Rami Rahim Juniper Networks
2026-08-12,Sue Nabi,Coty,5,15,5,25,20.0,,Sue Nabi Coty
2026-08-12,Peter D Arvan,Pool Corporation,2,14,5,21,23.8,,Peter D Arvan Pool Corporation
2026-08-12,David Campbell,Evergy,12,9,1,22,4.5,,David Campbell Evergy
2026-08-12,Matthew J Murphy,Marvell Technology,7,15,3,25,12.0,,Matthew J Murphy Marvell Technology
2026-08-12,Lloyd Yates,NiSource,7,15,3,25,12.0,,Lloyd Yates NiSource
2026-08-12,William C Stone,SS&C Technologies,7,17,1,25,4.0,,William C Stone SS&C Technologies
2026-08-12,Mark Rourke,Schneider National,12,13,0,25,0.0,,Mark Rourke Schneider National
2026-08-12,Andrew Anagnost,Autodesk,11,11,3,25,12.0,,Andrew Anagnost Autodesk
2026-08-12,Dustin Semach,Sealed Air Corporation,7,17,1,25,4.0,,Dustin Semach Sealed Air Corporation
2026-08-12,William L Meaney,Iron Mountain,5,10,3,18,16.7,,William L Meaney Iron Mountain
2026-08-12,Andy P Power,Digital Realty Trust,7,5,2,14,14.3,,Andy P Power Digital Realty Trust
2026-08-12,Satish Dhanasekaran,Keysight Technologies,3,11,1,15,6.7,,Satish Dhanasekaran Keysight Technologies
2026-08-12,Frank M Svoboda,Globe Life,7,6,3,16,18.8,,Frank M Svoboda Globe Life
2026-08-12,Carey A Smith,Parsons Corporation,9,15,1,25,4.0,,Carey A Smith Parsons Corporation
2026-08-12,Ynon Kreiz,Mattel,6,15,4,25,16.0,,Ynon Kreiz Mattel
2026-08-12,Karen S Haller,Southwest Gas Holdings,4,6,0,10,0.0,,Karen S Haller Southwest Gas Holdings
2026-08-12,Terrance Williams,TruStage,4,5,1,10,10.0,,Terrance Williams TruStage
2026-08-12,Eric W Gerstenberg,Clean Harbors,4,2,1,7,14.3,,Eric W Gerstenberg Clean Harbors
2026-08-12,Gunner Smith,Cornerstone Building Brands,4,14,0,18,0.0,,Gunner Smith Cornerstone Building Brands
2026-08-12,Gerben W Bakker,Hubbell,1,8,0,9,0.0,,Gerben W Bakker Hubbell
2026-08-12,Dave Davis,Spirit Airlines,4,10,11,25,44.0,,Dave Davis Spirit Airlines
2026-08-12,Michael J Smith,Lamb Weston,0,12,8,20,40.0,,Michael J Smith Lamb Weston
2026-08-12,Strauss Zelnick,Take-Two Interactive Software,7,14,4,25,16.0,,Strauss Zelnick Take-Two Interactive Software
2026-08-12,John C Turner Jr,GMS,5,20,0,25,0.0,,John C Turner Jr GMS
2026-08-12,David M O'Malley,Penn Mutual Life Insurance,1,6,0,7,0.0,,David M O'Malley Penn Mutual Life Insurance
2026-08-12,Frank A Lonegro,Landstar System,3,8,2,13,15.4,,Frank A Lonegro Landstar System
2026-08-12,James F Risoleo,Host Hotels & Resorts,6,14,0,20,0.0,,James F Risoleo Host Hotels & Resorts
2026-08-12,Ken Xie,Fortinet,12,12,1,25,4.0,,Ken Xie Fortinet
2026-08-12,Doug Shulman,OneMain,2,6,0,8,0.0,,Doug Shulman OneMain
2026-08-12,Ryan Cohen,GameStop,2,19,4,25,16.0,,Ryan Cohen GameStop
2026-08-12,Mark W Begor,Equifax,7,18,0,25,0.0,,Mark W Begor Equifax
2026-08-12,Jay L Schottenstein,American Eagle Outfitters,7,14,4,25,16.0,,Jay L Schottenstein American Eagle Outfitters
2026-08-12,Curtis C Farmer,Comerica,3,17,1,21,4.8,,Curtis C Farmer Comerica
2026-08-12,Ole Rosgaard,Greif,8,14,3,25,12.0,,Ole Rosgaard Greif
2026-08-12,Brian E Lane,Comfort Systems USA,23,1,1,25,4.0,,Brian E Lane Comfort Systems USA
2026-08-12,Robert M Buck,TopBuild,2,7,0,9,0.0,,Robert M Buck TopBuild
2026-08-12,Ralph Andretta,Bread Financial,5,19,0,24,0.0,,Ralph Andretta Bread Financial
2026-08-12,Jim Anderson,Coherent,5,17,3,25,12.0,,Jim Anderson Coherent
2026-08-12,Walter C. D. Carlson,Telephone & Data Systems,1,4,0,5,0.0,,Walter C. D. Carlson Telephone & Data Systems
2026-08-12,Ronald Kruszewski,Stifel Financial,7,15,3,25,12.0,,Ronald Kruszewski Stifel Financial
2026-08-12,Richard Hayne,Urban Outfitters,6,17,2,25,8.0,,Richard Hayne Urban Outfitters
2026-08-12,Simon Meester,Terex,6,17,2,25,8.0,,Simon Meester Terex
2026-08-12,Edward J Lehner,Ryerson Holding,2,1,1,4,25.0,,Edward J Lehner Ryerson Holding
2026-08-12,Nicholas T Pinchuk,Snap-on,5,7,2,14,14.3,,Nicholas T Pinchuk Snap-on
2026-08-12,Ryals McMullian,Flowers Foods,4,20,1,25,4.0,,Ryals McMullian Flowers Foods
2026-08-12,D Bryan Jordan,First Horizon,9,13,3,25,12.0,,D Bryan Jordan First Horizon
2026-08-12,John B Gibson,Paychex,1,20,0,21,0.0,,John B Gibson Paychex
2026-08-12,Chris Cocks,Hasbro,6,15,4,25,16.0,,Chris Cocks Hasbro
2026-08-12,Pete McPartland,Sentry Insurance Group,8,10,0,18,0.0,,Pete McPartland Sentry Insurance Group
2026-08-12,Michael Arougheti,Ares Management,8,13,4,25,16.0,,Michael Arougheti Ares Management
2026-08-12,Alok Maskara,Lennox International,9,8,4,21,19.0,,Alok Maskara Lennox International
2026-08-12,James C Grech,Peabody Energy,8,1,1,10,10.0,,James C Grech Peabody Energy
2026-08-12,Joseph P Lacher Jr,Kemper Corporation,2,17,5,24,20.8,,Joseph P Lacher Jr Kemper Corporation
2026-08-12,Perry A Sook,Nexstar Media Group,4,11,10,25,40.0,,Perry A Sook Nexstar Media Group
2026-08-12,Wade Davis,TelevisaUnivision,8,16,1,25,4.0,,Wade Davis TelevisaUnivision
2026-08-12,Scott L Thompson,Tempur Sealy International,2,7,0,9,0.0,,Scott L Thompson Tempur Sealy International
2026-08-12,Mike Simonds,TriNet Group,1,6,1,8,12.5,,Mike Simonds TriNet Group
2026-08-12,B Andrew Rose,Worthington Enterprises,1,5,0,6,0.0,,B Andrew Rose Worthington Enterprises
2026-08-12,Bruce L Caswell,Maximus,4,6,1,11,9.1,,Bruce L Caswell Maximus
2026-08-12,Robert L Reffkin,Compass Group,2,8,3,13,23.1,,Robert L Reffkin Compass Group
2026-08-12,Mark Eubanks,Brinks Company,4,17,4,25,16.0,,Mark Eubanks Brinks Company
2026-08-12,Peter Quigley,Kelly Services Inc,8,17,0,25,0.0,,Peter Quigley Kelly Services Inc
2026-08-12,David L Yowan,Navient,2,3,2,7,28.6,,David L Yowan Navient
2026-08-12,Mary E Kipp,Puget Sound Energy,5,5,0,10,0.0,,Mary E Kipp Puget Sound Energy
2026-08-12,Adam Aron,AMC Entertainment,14,5,6,25,24.0,,Adam Aron AMC Entertainment
2026-08-12,Mark J Tarr,Encompass Health,3,4,0,7,0.0,,Mark J Tarr Encompass Health
2026-08-12,Liam K Griffin,Skyworks Solutions,1,8,1,10,10.0,,Liam K Griffin Skyworks Solutions
2026-08-12,Richard G Kyle,Timken,9,16,0,25,0.0,,Richard G Kyle Timken
2026-08-12,Ron Gusek,Liberty Energy,23,2,0,25,0.0,,Ron Gusek Liberty Energy
2026-08-12,John E Geller Jr,Marriott Vacations Worldwide,3,9,0,12,0.0,,John E Geller Jr Marriott Vacations Worldwide
2026-08-12,Karl G. Glassman,Leggett & Platt,2,7,1,10,10.0,,Karl G. Glassman Leggett & Platt
2026-08-12,Jonathan H Weis,Weis Markets,4,21,0,25,0.0,,Jonathan H Weis Weis Markets
2026-08-12,Jeffrey B Guldner,Pinnacle West Capital,0,5,0,5,0.0,,Jeffrey B Guldner Pinnacle West Capital
2026-08-12,Arkadiy Dobkin,EPAM Systems,13,9,3,25,12.0,,Arkadiy Dobkin EPAM Systems
2026-08-12,Paul M Rady,Antero Resources,8,3,0,11,0.0,,Paul M Rady Antero Resources
2026-08-12,Michael Spanos,Bloomin Brands,4,19,2,25,8.0,,Michael Spanos Bloomin Brands
2026-08-12,Nicole A Kivisto,MDU Resources Group,8,11,0,19,0.0,,Nicole A Kivisto MDU Resources Group
2026-08-12,Gerald L Morgan,Texas Roadhouse,6,12,7,25,28.0,,Gerald L Morgan Texas Roadhouse
2026-08-12,Gabriel Tirador,Mercury General,6,7,0,13,0.0,,Gabriel Tirador Mercury General
2026-08-12,Nicholas I Fink,Fortune Brands Innovations,3,18,4,25,16.0,,Nicholas I Fink Fortune Brands Innovations
2026-08-12,Paul E Burdiss,Zions Bancorp,0,8,0,8,0.0,,Paul E Burdiss Zions Bancorp
2026-08-12,William J Christensen,JELD-WEN Holding,0,9,0,9,0.0,,William J Christensen JELD-WEN Holding
2026-08-12,Evan Spiegel,Snap Inc,5,13,7,25,28.0,,Evan Spiegel Snap Inc
2026-08-12,Bill Burns,Zebra Technologies,5,19,1,25,4.0,,Bill Burns Zebra Technologies
2026-08-12,Steven Sell,Agilon Health,2,5,1,8,12.5,,Steven Sell Agilon Health
2026-08-12,Richard M Olson,Toro Company,5,20,0,25,0.0,,Richard M Olson Toro Company
2026-08-12,Eric S Yuan,Zoom Video Communications,7,15,3,25,12.0,,Eric S Yuan Zoom Video Communications
2026-08-12,Dan L Batrack,Tetra Tech,2,8,0,10,0.0,,Dan L Batrack Tetra Tech
2026-08-12,Joseph D Russell Jr,Public Storage,1,8,0,9,0.0,,Joseph D Russell Jr Public Storage
2026-08-12,Jacob Thaysen,Illumina Inc,8,15,2,25,8.0,,Jacob Thaysen Illumina Inc
2026-08-12,Debra A Cafaro,Ventas Inc,13,12,0,25,0.0,,Debra A Cafaro Ventas Inc
2026-08-12,Pierre R Brondeau,FMC Corporation,2,13,1,16,6.2,,Pierre R Brondeau FMC Corporation
2026-08-12,Judy R McReynolds,ArcBest,10,13,0,23,0.0,,Judy R McReynolds ArcBest
2026-08-12,Russell J Weiner,Dominos Pizza Inc,9,12,4,25,16.0,,Russell J Weiner Dominos Pizza Inc
2026-08-12,Theodore S Hanson,ASGN,2,4,0,6,0.0,,Theodore S Hanson ASGN
2026-08-12,RJ Scaringe,Rivian Automotive,1,19,5,25,20.0,,RJ Scaringe Rivian Automotive
2026-08-12,Jeffrey N Simmons,Elanco Animal Health,11,13,1,25,4.0,,Jeffrey N Simmons Elanco Animal Health
2026-08-12,Tim O Shaughnessy,Graham Holdings Company,4,19,2,25,8.0,,Tim O Shaughnessy Graham Holdings Company
2026-08-12,Thomas V Taylor,Floor & Decor,11,12,2,25,8.0,,Thomas V Taylor Floor & Decor
2026-08-12,Neil A Schrimsher,Applied Industrial Technologies,0,12,0,12,0.0,,Neil A Schrimsher Applied Industrial Technologies
2026-08-12,Robert E Price,PriceSmart,3,8,0,11,0.0,,Robert E Price PriceSmart
2026-08-12,John David Risher,Lyft,5,17,3,25,12.0,,John David Risher Lyft
2026-08-12,Gary B Smith,Ciena,7,16,2,25,8.0,,Gary B Smith Ciena
2026-08-12,Joey Levin,IAC,2,19,4,25,16.0,,Joey Levin IAC
2026-08-12,Jim Jacobs,Country Financial,6,16,3,25,12.0,,Jim Jacobs Country Financial
2026-08-12,Devin B McGranahan,Western Union,4,18,3,25,12.0,,Devin B McGranahan Western Union
2026-08-12,R Scott Rowe,Flowserve,3,10,1,14,7.1,,R Scott Rowe Flowserve
2026-08-12,Kenneth A Vecchione,Western Alliance Bancorp,8,11,6,25,24.0,,Kenneth A Vecchione Western Alliance Bancorp
2026-08-12,John C Rademacher,Option Care Health,11,3,0,14,0.0,,John C Rademacher Option Care Health
2026-08-12,Doug Black,SiteOne Landscape Supply,3,21,1,25,4.0,,Doug Black SiteOne Landscape Supply
2026-08-12,Oliver G Brewer III,Topgolf Callaway Brands,0,3,0,3,0.0,,Oliver G Brewer III Topgolf Callaway Brands
2026-08-12,Glenn Sanford,eXp World,5,12,8,25,32.0,,Glenn Sanford eXp World
2026-08-12,Fran Horowitz,Abercrombie & Fitch,10,12,3,25,12.0,,Fran Horowitz Abercrombie & Fitch
2026-08-12,Kevin Akers,Atmos Energy,22,3,0,25,0.0,,Kevin Akers Atmos Energy
2026-08-12,Alessandro Maselli,Catalent,2,21,2,25,8.0,,Alessandro Maselli Catalent
2026-08-12,J Powell Brown,Brown & Brown,6,14,5,25,20.0,,J Powell Brown Brown & Brown
2026-08-12,Aman Bhutani,GoDaddy,9,13,3,25,12.0,,Aman Bhutani GoDaddy
2026-08-12,John C. Griffith,American Water Works,4,20,1,25,4.0,,John C. Griffith American Water Works
2026-08-12,John J Marchioni,Selective Insurance Group,2,13,1,16,6.2,,John J Marchioni Selective Insurance Group
2026-08-12,Lawson E Whiting,Brown-Forman,3,21,1,25,4.0,,Lawson E Whiting Brown-Forman
2026-08-12,Dave Peacock,Advantage Solutions,20,5,0,25,0.0,,Dave Peacock Advantage Solutions
2026-08-12,Mick Farrell,ResMed,8,15,2,25,8.0,,Mick Farrell ResMed
2026-08-12,Kamal Hathi,Splunk,11,11,3,25,12.0,,Kamal Hathi Splunk
2026-08-12,Todd Kelsey,Plexus Corp,4,9,1,14,7.1,,Todd Kelsey Plexus Corp
2026-08-12,Phillip D Yeager,Hub Group,3,8,2,13,15.4,,Phillip D Yeager Hub Group
2026-08-12,Steven B Hedlund,Lincoln Electric,4,20,1,25,4.0,,Steven B Hedlund Lincoln Electric
2026-08-12,Timothy C Oliver,NCR Atleos,1,5,0,6,0.0,,Timothy C Oliver NCR Atleos
2026-08-12,Bruce Fleming,Calumet Inc,1,7,0,8,0.0,,Bruce Fleming Calumet Inc
2026-08-12,Daniel S. Peyovich,Dycom Industries,0,4,1,5,20.0,,Daniel S. Peyovich Dycom Industries
2026-08-12,Avner M Applbaum,Valmont Industries,2,11,1,14,7.1,,Avner M Applbaum Valmont Industries
2026-08-12,Kimberly A Fields,ATI Inc,11,14,0,25,0.0,,Kimberly A Fields ATI Inc
2026-08-12,Khozema Z Shipchandler,Twilio,3,10,2,15,13.3,,Khozema Z Shipchandler Twilio
2026-08-12,Gary C Bhojwani,CNO Financial Group,0,12,0,12,0.0,,Gary C Bhojwani CNO Financial Group
2026-08-12,William Andrew Hendricks Jr,Patterson-UTI Energy,8,1,1,10,10.0,,William Andrew Hendricks Jr Patterson-UTI Energy
2026-08-12,Kevin D Hochman,Brinker International,7,12,1,20,5.0,,Kevin D Hochman Brinker International
2026-08-12,James C Foster,Charles River Laboratories International,6,17,2,25,8.0,,James C Foster Charles River Laboratories International
2026-08-12,Rajiv K Prasad,Hyster-Yale,0,3,1,4,25.0,,Rajiv K Prasad Hyster-Yale
2026-08-12,Eric T Steigerwalt,Brighthouse Financial,3,10,1,14,7.1,,Eric T Steigerwalt Brighthouse Financial
2026-08-12,Thomas L Ryan,Service Corp International,6,15,1,22,4.5,,Thomas L Ryan Service Corp International
2026-08-12,Charles M Nifong Jr,CrossAmerica Partners,0,2,0,2,0.0,,Charles M Nifong Jr CrossAmerica Partners
2026-08-12,Anirudh Devgan,Cadence,6,17,2,25,8.0,,Anirudh Devgan Cadence
2026-08-12,Andi Owen,MillerKnoll,2,17,6,25,24.0,,Andi Owen MillerKnoll
2026-08-12,Sumit Roy,Realty Income,9,16,0,25,0.0,,Sumit Roy Realty Income
2026-08-12,Timothy John Fitzgerald,Middleby,2,2,2,6,33.3,,Timothy John Fitzgerald Middleby
2026-08-12,Robert H Schottenstein,M/I Homes,1,13,1,15,6.7,,Robert H Schottenstein M/I Homes
2026-08-12,Stephen P MacMillan,Hologic,2,7,2,11,18.2,,Stephen P MacMillan Hologic
2026-08-12,Lisa M Barton,Alliant Energy,6,2,0,8,0.0,,Lisa M Barton Alliant Energy
2026-08-12,Aaron P Jagdfeld,Generac,1,7,2,10,20.0,,Aaron P Jagdfeld Generac
2026-08-12,Erik Gershwind,MSC Industrial Direct,7,14,4,25,16.0,,Erik Gershwind MSC Industrial Direct
2026-08-12,Varun Krishna,Rocket Companies,12,11,2,25,8.0,,Varun Krishna Rocket Companies
2026-08-12,Fahmi Karam,Upbound Group,6,6,0,12,0.0,,Fahmi Karam Upbound Group
2026-08-12,NADominic Ng,East West Bancorp,0,0,0,0,0.0,,NADominic Ng East West Bancorp
2026-08-12,Mark Wang,Hilton Grand Vacations,24,1,0,25,0.0,,Mark Wang Hilton Grand Vacations
2026-08-12,Robert J Sheedy Jr,Grocery Outlet Holding,0,0,0,0,0.0,,Robert J Sheedy Jr Grocery Outlet Holding
2026-08-12,Simon D Campion,Dentsply Sirona,1,9,0,10,0.0,,Simon D Campion Dentsply Sirona
2026-08-12,Jeremy Wensinger,V2X,5,8,1,14,7.1,,Jeremy Wensinger V2X
2026-08-12,Andrew Rees,Crocs,14,7,4,25,16.0,,Andrew Rees Crocs
2026-08-12,David M Maura,Spectrum Brands,7,15,3,25,12.0,,David M Maura Spectrum Brands
2026-08-12,Sachin S Lawande,Visteon,9,15,1,25,4.0,,Sachin S Lawande Visteon
2026-08-12,Neil M Ashe,Acuity Inc,1,9,1,11,9.1,,Neil M Ashe Acuity Inc
2026-08-12,Lorie L Tekorius,The Greenbrier Companies,3,6,1,10,10.0,,Lorie L Tekorius The Greenbrier Companies
2026-08-12,John R Ciulla,Webster Financial,7,17,1,25,4.0,,John R Ciulla Webster Financial
2026-08-12,Sean D Keohane,Cabot Corporation,2,8,2,12,16.7,,Sean D Keohane Cabot Corporation
2026-08-12,Drew M Wilkerson,RXO Inc,5,4,1,10,10.0,,Drew M Wilkerson RXO Inc
2026-08-12,Daniel E Brown,Chord Energy,3,1,0,4,0.0,,Daniel E Brown Chord Energy
2026-08-12,Javier D Ferrer Fernandez,Popular Inc,3,3,0,6,0.0,,Javier D Ferrer Fernandez Popular Inc
2026-08-12,Olivier Rabiller,Garrett Motion Inc,5,10,0,15,0.0,,Olivier Rabiller Garrett Motion Inc
2026-08-12,Ronald N Tutor,Tutor Perini Corporation,3,8,2,13,15.4,,Ronald N Tutor Tutor Perini Corporation
2026-08-12,Jeff Liaw,Copart,8,13,4,25,16.0,,Jeff Liaw Copart
2026-08-12,Aman Narang,Toast Inc,9,13,3,25,12.0,,Aman Narang Toast Inc
2026-08-12,Joseph M Hogan,Align Technology,4,18,3,25,12.0,,Joseph M Hogan Align Technology
2026-08-12,Kevin J Wheeler,A O Smith,5,20,0,25,0.0,,Kevin J Wheeler A O Smith
2026-08-12,Christopher A Cartwright,TransUnion,3,19,0,22,0.0,,Christopher A Cartwright TransUnion
2026-08-12,James Kelly,NCR Voyix,1,13,0,14,0.0,,James Kelly NCR Voyix
2026-08-12,Tom Leighton,Akamai Technologies,11,13,1,25,4.0,,Tom Leighton Akamai Technologies
2026-08-12,Robert G Painter,Trimble Inc,4,5,0,9,0.0,,Robert G Painter Trimble Inc
2026-08-12,Tony Helton,Medical Mutual of Ohio,4,6,0,10,0.0,,Tony Helton Medical Mutual of Ohio
2026-08-12,Caroline S Grace,AMN Healthcare Services,2,3,1,6,16.7,,Caroline S Grace AMN Healthcare Services
2026-08-12,Patrick Kaltenbach,Mettler-Toledo International,3,4,1,8,12.5,,Patrick Kaltenbach Mettler-Toledo International
2026-08-12,Michael L Baur,ScanSource,0,3,2,5,40.0,,Michael L Baur ScanSource
2026-08-12,Jason Lippert,LCI Industries,5,19,1,25,4.0,,Jason Lippert LCI Industries
2026-08-12,Fredric J Tomczyk,Cboe Global Markets,1,10,2,13,15.4,,Fredric J Tomczyk Cboe Global Markets
2026-08-12,Octavio Marquez,Diebold Nixdorf,8,14,1,23,4.3,,Octavio Marquez Diebold Nixdorf
2026-08-12,Sivasankaran Somasundaram,ChampionX,5,4,0,9,0.0,,Sivasankaran Somasundaram ChampionX
2026-08-12,Ronald F Clarke,Corpay,1,10,1,12,8.3,,Ronald F Clarke Corpay
2026-08-12,Robert W Pittman,iHeartMedia,7,9,3,19,15.8,,Robert W Pittman iHeartMedia
2026-08-12,Patrick Zalupski,Dream Finders Homes,20,3,2,25,8.0,,Patrick Zalupski Dream Finders Homes
2026-08-12,Keith E Smith,Boyd Gaming,2,10,1,13,7.7,,Keith E Smith Boyd Gaming
2026-08-12,Mehran Assadi,NLV Financial,0,2,0,2,0.0,,Mehran Assadi NLV Financial
2026-08-12,Barry R Port,Ensign Group,2,8,3,13,23.1,,Barry R Port Ensign Group
2026-08-12,Denise A Paulonis,Sally Beauty,22,2,1,25,4.0,,Denise A Paulonis Sally Beauty
2026-08-12,Clifford A Skelton,Conduent,1,6,0,7,0.0,,Clifford A Skelton Conduent
2026-08-12,Jean-Michel Ribieras,Sylvamo,2,8,0,10,0.0,,Jean-Michel Ribieras Sylvamo
2026-08-12,Douglas F Bauer,Tri Pointe Homes,0,9,0,9,0.0,,Douglas F Bauer Tri Pointe Homes
2026-08-12,Shawn O'Connell,EnerSys,2,6,0,8,0.0,,Shawn O'Connell EnerSys
2026-08-12,Bill Meury,Incyte,6,15,4,25,16.0,,Bill Meury Incyte
2026-08-12,Dale Francescon,Century Communities,4,19,2,25,8.0,,Dale Francescon Century Communities
2026-08-12,Michael Nierenberg,Rithm Capital,5,19,1,25,4.0,,Michael Nierenberg Rithm Capital
2026-08-12,Michael J Brown,Euronet Worldwide,5,6,0,11,0.0,,Michael J Brown Euronet Worldwide
2026-08-12,Scott Seu,Hawaiian Electric Industries,3,18,4,25,16.0,,Scott Seu Hawaiian Electric Industries
2026-08-12,Jason D Robins,DraftKings,6,14,5,25,20.0,,Jason D Robins DraftKings
2026-08-12,Jonathan J Mazelsky,IDEXX Laboratories,0,11,0,11,0.0,,Jonathan J Mazelsky IDEXX Laboratories
2026-08-12,Richard S Swartz,MYR Group,0,2,0,2,0.0,,Richard S Swartz MYR Group
2026-08-12,Stefano Caroti,Deckers Outdoor,6,14,5,25,20.0,,Stefano Caroti Deckers Outdoor
2026-08-12,Kevin R Sayer,DexCom,4,9,4,17,23.5,,Kevin R Sayer DexCom
2026-08-12,John T C Lee,MKS Instruments,8,17,0,25,0.0,,John T C Lee MKS Instruments
2026-08-12,Edward B Pitoniak,VICI Properties,1,9,0,10,0.0,,Edward B Pitoniak VICI Properties
2026-08-12,Albert White III,Cooper Cos,4,14,5,23,21.7,,Albert White III Cooper Cos
2026-08-12,Barry L Biffle,Frontier Airlines,3,15,7,25,28.0,,Barry L Biffle Frontier Airlines
2026-08-12,Robert A Bruggeworth,Qorvo,6,14,3,23,13.0,,Robert A Bruggeworth Qorvo
2026-08-12,Winnie Park,Five Below,9,15,1,25,4.0,,Winnie Park Five Below
2026-08-12,Steven Oakland,TreeHouse Foods,7,16,1,24,4.2,,Steven Oakland TreeHouse Foods
2026-08-12,James S Hagedorn,Scotts Miracle-Gro,4,9,2,15,13.3,,James S Hagedorn Scotts Miracle-Gro
2026-08-12,Michael Cannon-Brookes,Atlassian,6,13,6,25,24.0,,Michael Cannon-Brookes Atlassian
2026-08-12,Bertrand Loy,Entegris,5,15,2,22,9.1,,Bertrand Loy Entegris
2026-08-12,William E Waltz,Atkore,0,5,1,6,16.7,,William E Waltz Atkore
2026-08-12,Celeste B Mastin,HB Fuller,3,15,3,21,14.3,,Celeste B Mastin HB Fuller
2026-08-12,Kyle T Larkin,Granite Construction,0,11,3,14,21.4,,Kyle T Larkin Granite Construction
2026-08-12,Michael J Happe,Winnebago Industries,1,8,2,11,18.2,,Michael J Happe Winnebago Industries
2026-08-12,Steven H Gunby,FTI Consulting,5,10,1,16,6.2,,Steven H Gunby FTI Consulting
2026-08-12,Stephan B Tanda,AptarGroup,4,8,2,14,14.3,,Stephan B Tanda AptarGroup
2026-08-12,Timothy P Boyle,Columbia Sportswear,3,11,3,17,17.6,,Timothy P Boyle Columbia Sportswear
2026-08-12,Anthony J Wood,Roku,9,15,1,25,4.0,,Anthony J Wood Roku
2026-08-12,M Christopher Doyle,Civitas Resources,0,1,0,1,0.0,,M Christopher Doyle Civitas Resources
2026-08-12,Andy Eidson,Alpha Metallurgical Resources,2,4,4,10,40.0,,Andy Eidson Alpha Metallurgical Resources
2026-08-12,Andy L Nemeth,Patrick Industries,3,7,2,12,16.7,,Andy L Nemeth Patrick Industries
2026-08-12,Roger W Jenkins,Murphy Oil,8,13,4,25,16.0,,Roger W Jenkins Murphy Oil
2026-08-12,Kevin S Blair,Synovus Financial,1,6,0,7,0.0,,Kevin S Blair Synovus Financial
2026-08-12,Julie Felss Masino,Cracker Barrel,3,18,4,25,16.0,,Julie Felss Masino Cracker Barrel Old Country Store
2026-08-12,David M Overton,Cheesecake Factory,10,13,2,25,8.0,,David M Overton Cheesecake Factory
2026-08-12,Nick DeIuliis,CNX Resources,6,10,0,16,0.0,,Nick DeIuliis CNX Resources
2026-08-12,Christopher Pappas,Chefs Warehouse,3,13,3,19,15.8,,Christopher Pappas Chefs Warehouse
2026-08-12,Tod Carpenter,Donaldson Company,5,16,2,23,8.7,,Tod Carpenter Donaldson Company
2026-08-12,Gregory L Christopher,Mueller Industries,6,18,1,25,4.0,,Gregory L Christopher Mueller Industries
2026-08-12,Rob Saltiel,MRC Global,2,7,2,11,18.2,,Rob Saltiel MRC Global
2026-08-12,Jillian C Evanko,Chart Industries,0,10,0,10,0.0,,Jillian C Evanko Chart Industries
2026-08-12,Dave Guilmette,Alight Solutions,3,9,0,12,0.0,,Dave Guilmette Alight Solutions
2026-08-12,Joel Smejkal,Vishay Intertechnology,3,11,0,14,0.0,,Joel Smejkal Vishay Intertechnology
2026-08-12,Dennis Degner,Range Resources,12,12,1,25,4.0,,Dennis Degner Range Resources
2026-08-12,Ira D Robbins,Valley National Bancorp,4,8,3,15,20.0,,Ira D Robbins Valley National Bancorp
2026-08-12,Bernard Kim,Match Group,7,15,3,25,12.0,,Bernard Kim Match Group
2026-08-12,Vincent Pilette,Gen Digital,8,14,3,25,12.0,,Vincent Pilette Gen Digital
2026-08-12,Timothy S Crane,Wintrust Financial,1,9,0,10,0.0,,Timothy S Crane Wintrust Financial
2026-08-12,Pat Roche,Moog Inc,3,16,4,23,17.4,,Pat Roche Moog Inc
2026-08-12,Mark R Widmar,First Solar,12,8,5,25,20.0,,Mark R Widmar First Solar
2026-08-12,Niko Lahanas,Central Garden & Pet,3,11,0,14,0.0,,Niko Lahanas Central Garden & Pet
2026-08-12,Chris Osowski,Green Plains Inc,11,6,1,18,5.6,,Chris Osowski Green Plains Inc
2026-08-12,Derek J Leathers,Werner Enterprises,2,9,1,12,8.3,,Derek J Leathers Werner Enterprises
2026-08-12,Adam Foroughi,AppLovin,6,11,8,25,32.0,,Adam Foroughi AppLovin
2026-08-12,Luca Savi,ITT,3,12,0,15,0.0,,Luca Savi ITT
2026-08-12,Lawrence H Silber,Herc Rentals,0,1,0,1,0.0,,Lawrence H Silber Herc Rentals
2026-08-12,Hilton H Howell Jr,Gray Television,8,16,1,25,4.0,,Hilton H Howell Jr Gray Television
2026-08-12,Eric D Ashleman,IDEX,0,10,1,11,9.1,,Eric D Ashleman IDEX
2026-08-12,Owen D Thomas,Boston Properties,2,18,1,21,4.8,,Owen D Thomas Boston Properties
2026-08-12,Kurt Wolf,Pitney Bowes,7,18,0,25,0.0,,Kurt Wolf Pitney Bowes
2026-08-12,Sara E Armbruster,Steelcase,0,7,0,7,0.0,,Sara E Armbruster Steelcase
2026-08-12,Charles D. Young,Sun Communities,1,9,1,11,9.1,,Charles D. Young Sun Communities
2026-08-12,Suzanne Foster,AdaptHealth,5,18,2,25,8.0,,Suzanne Foster AdaptHealth
2026-08-12,Grant E Sims,Genesis Energy,7,1,0,8,0.0,,Grant E Sims Genesis Energy
2026-08-12,Laura Prieskorn,Jackson Financial,5,18,2,25,8.0,,Laura Prieskorn Jackson Financial
2026-08-12,Rick L Wessel,FirstCash,1,7,0,8,0.0,,Rick L Wessel FirstCash
2026-08-12,Sherman Miller,Cal-Maine Foods,3,17,5,25,20.0,,Sherman Miller Cal-Maine Foods
2026-08-12,Paul A Lang,Arch Resources,16,9,0,25,0.0,,Paul A Lang Arch Resources
2026-08-12,Ashish K Khandpur,Avient,2,6,0,8,0.0,,Ashish K Khandpur Avient
2026-08-12,Shyam K Reddy,BlueLinx,2,7,0,9,0.0,,Shyam K Reddy BlueLinx
2026-08-12,Christopher S Ripley,Sinclair,5,13,7,25,28.0,,Christopher S Ripley Sinclair
2026-08-12,Stacy Kymes,BOK Financial,15,10,0,25,0.0,,Stacy Kymes BOK Financial
2026-08-12,James H Walter,Permian Resources,4,10,0,14,0.0,,James H Walter Permian Resources
2026-08-12,Jason Murray,PACS Group,12,11,2,25,8.0,,Jason Murray PACS Group
2026-08-12,Brian Armstrong,Coinbase Global,11,6,8,25,32.0,,Brian Armstrong Coinbase Global
2026-08-12,Oscar K Brown,Western Midstream Partners,2,19,2,23,8.7,,Oscar K Brown Western Midstream Partners
2026-08-12,Nicholas R Lower,Federated Mutual Insurance,1,4,4,9,44.4,,Nicholas R Lower Federated Mutual Insurance
2026-08-12,Morris Goldfarb,G-III Apparel Group,6,15,4,25,16.0,,Morris Goldfarb G-III Apparel Group
2026-08-12,Mark D Morelli,Vontier,0,4,0,4,0.0,,Mark D Morelli Vontier
2026-08-12,Matthew J Cox,Matson Inc,6,14,2,22,9.1,,Matthew J Cox Matson Inc
2026-08-12,David W Grzebinski,Kirby Corporation,2,2,3,7,42.9,,David W Grzebinski Kirby Corporation
2026-08-12,Keith A Harvey,Kaiser Aluminum,6,7,2,15,13.3,,Keith A Harvey Kaiser Aluminum
2026-08-12,Eric Nyman,Vista Outdoor,3,15,2,20,10.0,,Eric Nyman Vista Outdoor
2026-08-12,Doug Howe,Designer Brands,6,18,1,25,4.0,,Doug Howe Designer Brands
2026-08-12,Jerry E Gahlhoff Jr,Rollins Inc,0,7,2,9,22.2,,Jerry E Gahlhoff Jr Rollins Inc
2026-08-12,D Scott Barbour,Advanced Drainage Systems,12,5,0,17,0.0,,D Scott Barbour Advanced Drainage Systems
2026-08-12,Sean Gamble,Cinemark,7,9,9,25,36.0,,Sean Gamble Cinemark
2026-08-12,George Kurtz,CrowdStrike,12,12,1,25,4.0,,George Kurtz CrowdStrike
2026-08-12,Bill Ready,Pinterest,11,7,7,25,28.0,,Bill Ready Pinterest
2026-08-12,Fidji Simo,Instacart,6,12,7,25,28.0,,Fidji Simo Instacart
2026-08-12,Kimberly K Ryan,Hillenbrand,2,6,0,8,0.0,,Kimberly K Ryan Hillenbrand
2026-08-12,David S Graziosi,Allison Transmission,2,22,0,24,0.0,,David S Graziosi Allison Transmission
2026-08-12,Gary G Friedman,Restoration Hardware,4,15,1,20,5.0,,Gary G Friedman Restoration Hardware
2026-08-12,Lucinda M Baier,Brookdale Senior Living,1,10,4,15,26.7,,Lucinda M Baier Brookdale Senior Living
2026-08-12,Brian J Blaser,QuidelOrtho,1,14,1,16,6.2,,Brian J Blaser QuidelOrtho
2026-08-12,E Jean Savage,Trinity Industries,3,17,5,25,20.0,,E Jean Savage Trinity Industries
2026-08-12,Liam J Kelly,Teleflex,1,5,5,11,45.5,,Liam J Kelly Teleflex
2026-08-12,Laurans A Mendelson,HEICO,8,16,1,25,4.0,,Laurans A Mendelson HEICO
2026-08-12,Frank H Laukien,Bruker,1,14,0,15,0.0,,Frank H Laukien Bruker
2026-08-12,Harvey M Schwartz,Carlyle Group,4,20,1,25,4.0,,Harvey M Schwartz Carlyle Group
2026-08-12,Mark S LaVigne,Energizer Holdings,2,2,0,4,0.0,,Mark S LaVigne Energizer Holdings
2026-08-12,Amar Maletira,Rackspace Technology,3,9,4,16,25.0,,Amar Maletira Rackspace Technology
2026-08-12,Udit Batra,Waters Corporation,7,17,1,25,4.0,,Udit Batra Waters Corporation
2026-08-12,Eric M Green,West Pharmaceutical Services,6,19,0,25,0.0,,Eric M Green West Pharmaceutical Services
2026-08-12,Doug Palladini,Carters Inc,3,18,4,25,16.0,,Doug Palladini Carters Inc
2026-08-12,G Mike Mikan,NeueHealth,3,4,1,8,12.5,,G Mike Mikan NeueHealth
2026-08-12,Russell Chip Childs,SkyWest,1,5,3,9,33.3,,Russell Chip Childs SkyWest
2026-08-12,Christopher H Hunter,Acadia Healthcare,1,7,2,10,20.0,,Christopher H Hunter Acadia Healthcare
2026-08-12,Prahlad Singh,Revvity,6,10,3,19,15.8,,Prahlad Singh Revvity
2026-08-12,Maria M Pope,Portland General Electric,8,11,4,23,17.4,,Maria M Pope Portland General Electric
2026-08-12,Charles Chip Blankenship,Woodward Inc,2,5,1,8,12.5,,Charles Chip Blankenship Woodward Inc
2026-08-12,Mike Steib,TEGNA,4,13,8,25,32.0,,Mike Steib TEGNA
2026-08-12,Kurt J Ekert,Sabre Corporation,0,1,0,1,0.0,,Kurt J Ekert Sabre Corporation
2026-08-12,Matt Wilson,Light & Wonder,10,12,3,25,12.0,,Matt Wilson Light & Wonder
2026-08-12,Rob Katz,Vail Resorts,3,13,9,25,36.0,,Rob Katz Vail Resorts
2026-08-12,Schnitzer Steel Industries,Radius Recycling,2,17,6,25,24.0,,Schnitzer Steel Industries Radius Recycling
2026-08-12,David A Spector,PennyMac Financial Services,6,17,2,25,8.0,,David A Spector PennyMac Financial Services
2026-08-12,Frederick J Holzgrefe III,Saia Inc,1,6,3,10,30.0,,Frederick J Holzgrefe III Saia Inc
2026-08-12,Mark J Parrell,Equity Residential,8,8,2,18,11.1,,Mark J Parrell Equity Residential
2026-08-12,John W Lindsay,Helmerich & Payne,5,5,0,10,0.0,,John W Lindsay Helmerich & Payne
2026-08-12,Gary D Burnison,Korn Ferry,10,14,1,25,4.0,,Gary D Burnison Korn Ferry
2026-08-12,Timothy J McGrath,PC Connection Inc,4,4,0,8,0.0,,Timothy J McGrath PC Connection Inc
2026-08-12,Lynn M Bamford,Curtiss-Wright,9,13,0,22,0.0,,Lynn M Bamford Curtiss-Wright
2026-08-12,Jonathan W Witter,Sallie Mae,3,7,0,10,0.0,,Jonathan W Witter Sallie Mae
2026-08-12,Jeff Benck,Benchmark Electronics,1,14,0,15,0.0,,Jeff Benck Benchmark Electronics
2026-08-12,Charles H Giancarlo,Pure Storage,6,10,4,20,20.0,,Charles H Giancarlo Pure Storage
2026-08-12,Brian R Gray,Knife River Corporation,1,3,1,5,20.0,,Brian R Gray Knife River Corporation
2026-08-12,Jay Schmidt,Caleres Inc,4,11,2,17,11.8,,Jay Schmidt Caleres Inc
2026-08-12,Dale Asplund,BrightView Holdings,0,6,1,7,14.3,,Dale Asplund BrightView Holdings
2026-08-12,Jeffrey S Edwards,Cooper-Standard,2,7,0,9,0.0,,Jeffrey S Edwards Cooper-Standard
2026-08-12,Glenn J Williams,Primerica,5,2,2,9,22.2,,Glenn J Williams Primerica
2026-08-12,Francois Locoh-Donou,F5,9,14,2,25,8.0,,Francois Locoh-Donou F5
2026-08-12,Joseph Wm Foran,Matador Resources,9,15,1,25,4.0,,Joseph Wm Foran Matador Resources
2026-08-12,Sridhar Ramaswamy,Snowflake Inc,10,10,5,25,20.0,,Sridhar Ramaswamy Snowflake Inc
2026-08-12,Mark D Dankberg,Viasat,5,14,5,24,20.8,,Mark D Dankberg Viasat
2026-08-12,Francisco J Leon,California Resources,5,7,1,13,7.7,,Francisco J Leon California Resources
2026-08-12,Peter Stern,Peloton Interactive,8,16,1,25,4.0,,Peter Stern Peloton Interactive
2026-08-12,David Baszucki,Roblox,12,10,3,25,12.0,,David Baszucki Roblox
2026-08-12,Jeffrey W Edwards,Installed Building Products,1,6,2,9,22.2,,Jeffrey W Edwards Installed Building Products
2026-08-12,Clark Lauritzen,First National of Nebraska,1,9,0,10,0.0,,Clark Lauritzen First National of Nebraska
2026-08-12,Carlos Alberini,Guess Inc,2,21,2,25,8.0,,Carlos Alberini Guess Inc
2026-08-12,Shyam P Kambeyanda,ESAB,3,7,0,10,0.0,,Shyam P Kambeyanda ESAB
2026-08-12,Edmund Shallcross III,Amica Mutual Insurance,0,9,0,9,0.0,,Edmund Shallcross III Amica Mutual Insurance
2026-08-12,Benjamin W Schall,AvalonBay Communities,4,19,2,25,8.0,,Benjamin W Schall AvalonBay Communities
2026-08-12,Allan C Thygesen,DocuSign,5,10,2,17,11.8,,Allan C Thygesen DocuSign
2026-08-12,Bryan J Knutson,Titan Machinery,1,2,1,4,25.0,,Bryan J Knutson Titan Machinery
2026-08-12,Heath Sampson,ModivCare,10,4,1,15,6.7,,Heath Sampson ModivCare
2026-08-12,Ara K Hovnanian,Hovnanian Enterprises,6,15,4,25,16.0,,Ara K Hovnanian Hovnanian Enterprises
2026-08-12,Joshua G Silverman,Etsy,11,12,2,25,8.0,,Joshua G Silverman Etsy
2026-08-12,Kevin Roycraft,Adams Resources & Energy,6,3,0,9,0.0,,Kevin Roycraft Adams Resources & Energy
2026-08-12,J Eric Evans,Surgery Partners,1,2,2,5,40.0,,J Eric Evans Surgery Partners
2026-08-12,Clint E Stein,Columbia Banking System,1,15,0,16,0.0,,Clint E Stein Columbia Banking System
2026-08-12,Lee M Shavel,Verisk Analytics,6,12,3,21,14.3,,Lee M Shavel Verisk Analytics
2026-08-12,Dave Banyard Jr,MasterBrand,0,3,0,3,0.0,,Dave Banyard Jr MasterBrand
2026-08-12,Peter R Ingram,Hawaiian Airlines Inc,2,13,1,16,6.2,,Peter R Ingram Hawaiian Airlines Inc
2026-08-12,Kristin A Dolan,AMC Networks,1,16,8,25,32.0,,Kristin A Dolan AMC Networks
2026-08-12,Brendan T Cavanagh,SBA Communications,2,7,0,9,0.0,,Brendan T Cavanagh SBA Communications
2026-08-12,George F Chappelle Jr,Americold Realty Trust,1,3,0,4,0.0,,George F Chappelle Jr Americold Realty Trust
2026-08-12,Thomas E Gottwald,NewMarket Corporation,1,11,0,12,0.0,,Thomas E Gottwald NewMarket Corporation
2026-08-12,Thomas J Baltimore Jr,Park Hotels & Resorts,3,19,3,25,12.0,,Thomas J Baltimore Jr Park Hotels & Resorts
2026-08-12,Peter M Moglia,Alexandria Real Estate Equities,2,8,5,15,33.3,,Peter M Moglia Alexandria Real Estate Equities
2026-08-12,Ronald J Kramer,Griffon Corporation,1,8,1,10,10.0,,Ronald J Kramer Griffon Corporation
2026-08-12,John L Plueger,Air Lease,2,13,0,15,0.0,,John L Plueger Air Lease
2026-08-12,Jennifer F Scanlon,UL Solutions,6,7,1,14,7.1,,Jennifer F Scanlon UL Solutions
2026-08-12,Greg Smith,Teradyne,8,13,2,23,8.7,,Greg Smith Teradyne
2026-08-12,Sean Trauschke,OGE Energy,20,3,2,25,8.0,,Sean Trauschke OGE Energy
2026-08-12,Norman D Schwartz,Bio-Rad Laboratories,3,4,1,8,12.5,,Norman D Schwartz Bio-Rad Laboratories
2026-08-12,Scott Doyle,Spire Inc,9,10,2,21,9.5,,Scott Doyle Spire Inc
2026-08-12,Michael E Reed,Gannett,2,4,0,6,0.0,,Michael E Reed Gannett
2026-08-12,Cindy J Miller,Stericycle,2,5,4,11,36.4,,Cindy J Miller Stericycle
2026-08-12,Phillip D Green,Cullen Frost Bankers,2,11,4,17,23.5,,Phillip D Green Cullen Frost Bankers
2026-08-12,Joseph D Margolis,Extra Space Storage,2,10,1,13,7.7,,Joseph D Margolis Extra Space Storage
2026-08-12,Mark A Skonieczny,REV Group,0,7,3,10,30.0,,Mark A Skonieczny REV Group
2026-08-12,Ladd Wilks,ProFrac Holding,4,4,1,9,11.1,,Ladd Wilks ProFrac Holding
2026-08-12,Sundaram Nagarajan,Nordson,1,11,2,14,14.3,,Sundaram Nagarajan Nordson
2026-08-12,Anne P Noonan,Summit Materials,2,6,0,8,0.0,,Anne P Noonan Summit Materials
2026-08-12,Lori Flees,Valvoline Inc,6,8,4,18,22.2,,Lori Flees Valvoline Inc
2026-08-12,Scott H Baxter,Kontoor Brands,5,9,1,15,6.7,,Scott H Baxter Kontoor Brands
2026-08-12,Tim Larson,Skyline Champion,18,2,0,20,0.0,,Tim Larson Skyline Champion
2026-08-12,Chuck Divita,Teladoc Health,6,16,3,25,12.0,,Chuck Divita Teladoc Health
2026-08-12,W Bradley Southern,Louisiana-Pacific Corporation,0,3,1,4,25.0,,W Bradley Southern Louisiana-Pacific Corporation
2026-08-12,George C Freeman III,Universal Corporation,6,19,0,25,0.0,,George C Freeman III Universal Corporation
2026-08-12,James A Brock,Consol Energy,7,2,0,9,0.0,,James A Brock Consol Energy
2026-08-12,Robert Antokol,Playtika Holding,3,9,0,12,0.0,,Robert Antokol Playtika Holding
2026-08-12,Joe Craft,Alliance Resource Partners,8,14,3,25,12.0,,Joe Craft Alliance Resource Partners
2026-08-12,Paul Keel,Envista,2,11,0,13,0.0,,Paul Keel Envista
2026-08-12,Jared Isaacman,Shift4 Payments,6,15,4,25,16.0,,Jared Isaacman Shift4 Payments
2026-08-12,Mark Mac McFarland,Talen Energy,7,1,1,9,11.1,,Mark Mac McFarland Talen Energy
2026-08-12,Tony R Thene,Carpenter Technology,2,13,2,17,11.8,,Tony R Thene Carpenter Technology
2026-08-12,Melissa D Smith,WEX,5,9,3,17,17.6,,Melissa D Smith WEX
2026-08-12,James Jim C Ryan III,Old National Bancorp,0,2,1,3,33.3,,James Jim C Ryan III Old National Bancorp
2026-08-12,Peter J Federico,AGNC Investment,1,5,2,8,25.0,,Peter J Federico AGNC Investment
2026-08-12,Brent L Yeagy,Wabash National,0,1,1,2,50.0,,Brent L Yeagy Wabash National
2026-08-12,Henry A Fernandez,MSCI,10,8,7,25,28.0,,Henry A Fernandez MSCI
2026-08-12,Mark Penn,Stagwell,8,15,2,25,8.0,,Mark Penn Stagwell
2026-08-12,Julie Schertell,Mativ,0,9,0,9,0.0,,Julie Schertell Mativ
2026-08-12,Ashish Chand,Belden,2,7,1,10,10.0,,Ashish Chand Belden
2026-08-12,Greg Anderson,Allegiant Travel Company,9,14,2,25,8.0,,Greg Anderson Allegiant Travel Company
2026-08-12,Drew Houston,Dropbox,0,23,2,25,8.0,,Drew Houston Dropbox
2026-08-12,Kevin T Conroy,Exact Sciences,5,13,7,25,28.0,,Kevin T Conroy Exact Sciences
2026-08-12,Rex D Geveden,BWX Technologies,8,14,3,25,12.0,,Rex D Geveden BWX Technologies
2026-08-12,Scott R Wells,Clear Channel Outdoor Hldgs,3,0,0,3,0.0,,Scott R Wells Clear Channel Outdoor Hldgs
2026-08-12,Casey Wasserman,Wasserman,6,14,5,25,20.0,,Casey Wasserman
2026-08-12,Mac Cummings,Terakeet,2,7,2,11,18.2,,Mac Cummings Terakeet
