date,ceo,total,controlled,negative_serp,neutral_serp,positive_serp,company
2026-04-11,,3083,802,83,1882,1118,
2026-04-11,AJ Jim Teague,10,6,0,3,7,Enterprise Products Partners
2026-04-11,Aaron P Jagdfeld,8,5,0,2,6,Generac
2026-04-11,Adaire Fox-Martin,9,4,0,5,4,Equinix
2026-04-11,Adam Aron,9,6,0,2,7,AMC Entertainment
2026-04-11,Adam Foroughi,9,4,0,5,4,AppLovin
2026-04-11,Adam J Greenlee,10,3,0,6,4,Silgan
2026-04-11,Adam Norwitt,10,5,0,4,6,Amphenol
2026-04-11,Adam Schechter,9,5,0,4,5,Labcorp Holdings
2026-04-11,Adam W Miller,9,4,0,5,4,Knight Swift Transportation
2026-04-11,Adena Friedman,9,5,0,3,6,Nasdaq Inc
2026-04-11,Albert Bourla,9,5,0,2,7,Pfizer
2026-04-11,Albert Nahmad,10,4,0,5,5,Watsco
2026-04-11,Albert White III,10,4,0,5,5,Cooper Cos
2026-04-11,Alessandro Maselli,9,5,0,4,5,Catalent
2026-04-11,Allan C Thygesen,8,4,0,4,4,DocuSign
2026-04-11,Alok Maskara,8,4,0,4,4,Lennox International
2026-04-11,Aman Bhutani,8,5,0,2,6,GoDaddy
2026-04-11,Aman Narang,7,3,0,4,3,Toast Inc
2026-04-11,Amar Maletira,10,5,0,5,5,Rackspace Technology
2026-04-11,Andi Owen,7,3,2,2,3,MillerKnoll
2026-04-11,Andrew Anagnost,8,4,0,4,4,Autodesk
2026-04-11,Andrew Clyde,10,4,0,5,5,Murphy USA
2026-04-11,Andrew McMahon,8,4,0,3,5,Guardian Life insurance
2026-04-11,Andrew Rees,9,4,1,3,5,Crocs
2026-04-11,Andrew Silvernail,9,5,1,2,6,International Paper
2026-04-11,Andrew Sullivan,10,5,0,5,5,Prudential Financial
2026-04-11,Andrew Teno,10,4,0,4,6,Icahn Enterprises
2026-04-11,Andrew Wilson,9,4,1,4,4,Electronic Arts
2026-04-11,Andrés Gluski,9,3,1,5,3,AES
2026-04-11,Andy Eidson,9,5,0,4,5,Alpha Metallurgical Resources
2026-04-11,Andy Jassy,7,4,0,1,6,Amazon
2026-04-11,Andy L Nemeth,9,5,0,3,6,Patrick Industries
2026-04-11,Andy P Power,9,5,0,3,6,Digital Realty Trust
2026-04-11,Anirudh Devgan,7,3,0,4,3,Cadence
2026-04-11,Anne P Noonan,9,5,0,2,7,Summit Materials
2026-04-11,Anthony Capuano,8,3,0,4,4,Marriott International
2026-04-11,Anthony Guzzi,10,3,0,5,5,EMCOR Group
2026-04-11,Anthony J Wood,9,4,0,3,6,Roku
2026-04-11,Anthony Smurfit,8,6,1,1,6,Smurfit Westrock
2026-04-11,Antonio Neri,8,3,0,4,4,Hewlett Packard Enterprise
2026-04-11,Ara K Hovnanian,10,2,1,7,2,Hovnanian Enterprises
2026-04-11,Ari Bousbib,10,5,0,4,6,IQVIA
2026-04-11,Ariane Gorin,7,3,0,4,3,Expedia
2026-04-11,Arie Kotler,8,3,0,3,5,ARKO
2026-04-11,Arkadiy Dobkin,8,4,0,3,5,EPAM Systems
2026-04-11,Arvind Krishna,8,6,0,2,6,IBM
2026-04-11,Ashish Chand,8,6,0,2,6,Belden
2026-04-11,Ashish K Khandpur,10,6,0,4,6,Avient
2026-04-11,Avigal Soreq,10,5,0,5,5,Delek US
2026-04-11,Avner M Applbaum,10,4,0,5,5,Valmont Industries
2026-04-11,B Andrew Rose,10,2,0,7,3,Worthington Enterprises
2026-04-11,Barry R Port,10,5,0,4,6,Ensign Group
2026-04-11,Benjamin Tisch,9,2,1,6,2,Loews
2026-04-11,Benjamin W Schall,8,4,0,3,5,AvalonBay Communities
2026-04-11,Bernard Kim,10,3,0,5,5,Match Group
2026-04-11,Bernard Zovighian,8,5,1,2,5,Edwards Lifesciences
2026-04-11,Bertrand Loy,10,7,0,3,7,Entegris
2026-04-11,Beth Ford,8,3,0,5,3,Land O'Lakes
2026-04-11,Bill Burns,9,5,0,3,6,Zebra Technologies
2026-04-11,Bill Meury,8,5,0,2,6,Incyte
2026-04-11,Bill Ready,8,3,0,0,8,Pinterest
2026-04-11,Bill Westrate,7,3,0,3,4,American Family Insurance
2026-04-11,Blake Moret,7,4,0,2,5,Rockwell Automation
2026-04-11,Bob Eddy,8,4,0,4,4,BJ's Wholesale Club
2026-04-11,Bob Flexon,9,4,0,5,4,UGI Utilities Inc
2026-04-11,Bob Jordan,9,3,0,6,3,Southwest Airlines
2026-04-11,Bob Michael,9,6,1,2,6,AbbVie
2026-04-11,Bob Pragada,8,5,0,1,7,Jacobs Solutions
2026-04-11,Bom Kim,9,1,2,5,2,Coupang
2026-04-11,Bracken Darrell,8,6,0,2,6,VF Corporation
2026-04-11,Brad Beckham,8,4,0,4,4,O'Reilly Automotive
2026-04-11,Brad Jacobs,9,2,0,6,3,QXO Building Products
2026-04-11,Brendan M Foley,9,6,0,3,6,McCormick & Company
2026-04-11,Brendan McCracken,9,5,0,4,5,Ovintiv
2026-04-11,Brendan T Cavanagh,10,4,0,6,4,SBA Communications
2026-04-11,Brent L Yeagy,10,4,0,4,6,Wabash National
2026-04-11,Brent Shafer,10,5,0,4,6,Baxter International
2026-04-11,Brian Armstrong,9,5,1,3,5,Coinbase Global
2026-04-11,Brian Chambers,10,6,0,4,6,Owens Corning
2026-04-11,Brian Chesky,8,5,0,2,6,Airbnb
2026-04-11,Brian D Pieninck,9,4,0,5,4,GuideWell Mutual
2026-04-11,Brian Doubles,9,5,0,4,5,Synchrony Financial
2026-04-11,Brian E Lane,10,6,0,0,10,Comfort Systems USA
2026-04-11,Brian J Blaser,10,6,0,4,6,QuidelOrtho
2026-04-11,Brian Moynihan,8,5,0,3,5,Bank of America
2026-04-11,Brian Niccol,8,4,1,2,5,Starbucks
2026-04-11,Brian R Gray,10,6,0,4,6,Knife River Corporation
2026-04-11,Brian Roberts,9,4,0,5,4,Comcast
2026-04-11,Brian Tierney,10,4,0,6,4,FirstEnergy
2026-04-11,Brian Tyler,10,6,0,3,7,McKesson
2026-04-11,Bruce Bodine,8,5,0,3,5,The Mosaic Company
2026-04-11,Bruce Fleming,10,5,1,4,5,Calumet Inc
2026-04-11,Bruce L Caswell,10,4,0,5,5,Maximus
2026-04-11,Bruce Van Saun,8,4,0,4,4,Citizens Financial Group
2026-04-11,Bryan DeBoer,10,3,0,5,5,Lithia Motors
2026-04-11,Bryan Hanson,9,3,2,3,4,Solventum
2026-04-11,Bryan J Knutson,10,5,0,5,5,Titan Machinery
2026-04-11,C Howard Nye,9,4,0,4,5,Martin Marietta Materials
2026-04-11,Calvin G Butler Jr,9,5,0,3,6,Exelon
2026-04-11,Calvin McDonald,10,5,3,2,5,Lululemon athletica
2026-04-11,Cameron Bready,8,5,0,3,5,Global Payments
2026-04-11,Carey A Smith,9,5,0,4,5,Parsons Corporation
2026-04-11,Carl Eschenbach,8,3,1,2,5,Workday
2026-04-11,Carl Lindner lll,9,6,0,3,6,American Financial Group
2026-04-11,Carlos Abrams-Rivera,9,4,0,4,5,Kraft Heinz
2026-04-11,Carlos Alberini,10,4,0,6,4,Guess Inc
2026-04-11,Carol Tome,8,4,1,3,4,UPS
2026-04-11,Caroline S Grace,10,5,0,0,10,AMN Healthcare Services
2026-04-11,Casey Wasserman,9,1,0,7,2,Wasserman
2026-04-11,Celeste B Mastin,10,7,0,3,7,HB Fuller
2026-04-11,Charles Chip Blankenship,10,6,0,4,6,Woodward Inc
2026-04-11,Charles D. Young,10,4,0,5,5,Sun Communities
2026-04-11,Charles H Giancarlo,8,5,0,2,6,Pure Storage
2026-04-11,Charles Liang,9,5,2,2,5,Super Micro Computer
2026-04-11,Charles M Nifong Jr,10,3,0,7,3,CrossAmerica Partners
2026-04-11,Charles Magro,8,4,0,4,4,Corteva
2026-04-11,Charles Scharf,8,3,1,3,4,Wells Fargo
2026-04-11,Chris Boerner,8,5,0,2,6,Bristol-Myers Squibb
2026-04-11,Chris Cocks,9,4,1,3,5,Hasbro
2026-04-11,Chris Kempczinski,7,5,1,1,5,McDonalds
2026-04-11,Chris Kubasik,9,6,0,3,6,L3Harris Technologies
2026-04-11,Chris Osowski,10,5,0,4,6,Green Plains Inc
2026-04-11,Christian Ulbrich,9,4,0,5,4,Jones Lang LaSalle
2026-04-11,Christine Leahy,9,6,0,3,6,CDW
2026-04-11,Christophe Beck,9,5,0,3,6,Ecolab
2026-04-11,Christopher A Cartwright,8,3,0,5,3,TransUnion
2026-04-11,Christopher Caldwell,9,5,0,3,6,Concentrix
2026-04-11,Christopher Calio,8,4,1,2,5,RTX
2026-04-11,Christopher Gorman,8,4,1,3,4,KeyCorp
2026-04-11,Christopher Hilger,10,5,0,4,6,Securian Financial
2026-04-11,Christopher Kastner,9,5,0,4,5,Huntington Ingalls Industries
2026-04-11,Christopher Nassetta,9,5,0,3,6,Hilton Worldwide
2026-04-11,Christopher O'Herlihy,9,6,0,3,6,Illinois Tool Works
2026-04-11,Christopher Pappas,9,6,0,1,8,Chefs Warehouse
2026-04-11,Christopher Peterson,8,6,0,2,6,Newell Brands
2026-04-11,Christopher S Ripley,9,2,1,6,2,Sinclair
2026-04-11,Christopher Viehbacher,7,4,0,3,4,Biogen
2026-04-11,Christopher Winfrey,10,3,1,6,3,Charter Communications
2026-04-11,Christopher Womack,9,4,0,5,4,Southern Company
2026-04-11,Chuck Divita,10,4,0,5,5,Teladoc Health
2026-04-11,Chuck Robbins,7,5,0,2,5,Cisco Systems
2026-04-11,Chuck Treadway,9,3,2,4,3,CommScope
2026-04-11,Clark Lauritzen,9,0,0,9,0,First National of Nebraska
2026-04-11,Clay Gaspar,10,4,0,3,7,Devon Energy
2026-04-11,Clay Magouyrk,7,4,0,3,4,Oracle
2026-04-11,Clay Williams,10,5,0,5,5,NOV
2026-04-11,Clint E Stein,10,5,0,4,6,Columbia Banking System
2026-04-11,Corie Barry,8,4,0,0,8,Best Buy
2026-04-11,Craig Billings,9,4,0,4,5,Wynn Resorts
2026-04-11,Craig DeSanto,9,4,0,4,5,New York Life Insurance
2026-04-11,Craig Smiddy,9,3,0,6,3,Old Republic International
2026-04-11,Cristiano Amon,8,4,0,4,4,Qualcomm
2026-04-11,D Bryan Jordan,9,4,0,5,4,First Horizon
2026-04-11,D Christian Koch,8,5,0,3,5,Carlisle Companies
2026-04-11,D Scott Barbour,10,5,1,2,7,Advanced Drainage Systems
2026-04-11,DG Macpherson,8,5,0,3,5,WW Grainger
2026-04-11,Dale Asplund,10,4,0,6,4,BrightView Holdings
2026-04-11,Dale Francescon,10,3,0,7,3,Century Communities
2026-04-11,Dan Amos,8,4,0,3,5,Aflac
2026-04-11,Dan L Batrack,9,6,0,2,7,Tetra Tech
2026-04-11,Dan Schulman,8,3,1,3,4,Verizon
2026-04-11,Daniel E Brown,9,5,0,2,7,Chord Energy
2026-04-11,Daniel Florness,8,6,1,1,6,Fastenal
2026-04-11,Daniel Heaf,10,4,2,4,4,Bath & Body Works
2026-04-11,Daniel O'Day,8,7,1,0,7,Gilead Sciences
2026-04-11,Daniel S. Peyovich,10,3,0,7,3,Dycom Industries
2026-04-11,Daniel Wall,9,2,0,6,3,Expeditors International of Washington
2026-04-11,Dara Khosrowshahi,8,4,1,2,5,Uber
2026-04-11,Darren Rebelez,8,3,0,5,3,Caseys General Stores
2026-04-11,Darren Woods,8,3,0,4,4,Exxon Mobil
2026-04-11,Darryl Button,10,5,0,4,6,Pacific Life
2026-04-11,Daryl Kenningham,7,3,0,4,3,Group 1 Automotive
2026-04-11,Dave Banyard Jr,8,5,0,2,6,MasterBrand
2026-04-11,Dave Davis,9,6,1,0,8,Spirit Airlines
2026-04-11,Dave Guilmette,9,5,0,2,7,Alight Solutions
2026-04-11,Dave Peacock,9,3,0,3,6,Advantage Solutions
2026-04-11,David A Spector,9,5,0,4,5,PennyMac Financial Services
2026-04-11,David A Zapico,9,5,0,4,5,Ametek
2026-04-11,David Baszucki,8,5,1,1,6,Roblox
2026-04-11,David Bozeman,9,6,0,2,7,CH Robinson Worldwide
2026-04-11,David Bruton Smith,9,5,2,2,5,Sonic Automotive
2026-04-11,David Burritt,8,4,1,1,6,United States Steel
2026-04-11,David C Dauch,9,5,0,4,5,American Axle & Manufacturing
2026-04-11,David Campbell,8,6,0,2,6,Evergy
2026-04-11,David Cordani,8,3,0,4,4,Cigna
2026-04-11,David E Simon,8,2,1,5,2,Simon Property Group
2026-04-11,David Flitman,8,5,0,3,5,US Foods
2026-04-11,David Gibbs,9,4,0,4,5,Yum Brands
2026-04-11,David Gitlin,8,3,1,4,3,Carrier Global
2026-04-11,David Hult,9,4,1,3,5,Asbury Automotive Group
2026-04-11,David Joyner,9,5,0,4,5,CVS Health
2026-04-11,David L Yowan,9,4,0,3,6,Navient
2026-04-11,David M Foulkes,8,5,0,3,5,Brunswick Corporation
2026-04-11,David M Maura,10,5,0,3,7,Spectrum Brands
2026-04-11,David M O'Malley,8,4,0,4,4,Penn Mutual Life Insurance
2026-04-11,David M Overton,8,5,0,3,5,Cheesecake Factory
2026-04-11,David Rawlinson II,10,5,0,4,6,QVC Group
2026-04-11,David Ricks,8,3,1,4,3,Eli Lilly
2026-04-11,David S Chernow,10,5,0,5,5,Select Medical Holdings
2026-04-11,David S Graziosi,10,4,0,6,4,Allison Transmission
2026-04-11,David Solomon,9,5,1,3,5,Goldman Sachs
2026-04-11,David W Grzebinski,10,6,0,4,6,Kirby Corporation
2026-04-11,David Zaslav,8,3,1,4,3,Warner Bros Discovery
2026-04-11,Deanna Strable-Soethout,10,3,0,6,4,PrIncipal Financial
2026-04-11,Debra A Cafaro,10,3,0,6,4,Ventas Inc
2026-04-11,Denise A Paulonis,10,4,0,4,6,Sally Beauty
2026-04-11,Denise Dignam,8,4,0,4,4,Chemours
2026-04-11,Dennis Degner,9,6,0,2,7,Range Resources
2026-04-11,Deon Stander,8,5,0,3,5,Avery Dennison
2026-04-11,Derek Chang,9,5,1,3,5,Liberty Media
2026-04-11,Derek J Leathers,10,4,1,5,4,Werner Enterprises
2026-04-11,Devin B McGranahan,9,4,0,5,4,Western Union
2026-04-11,Devin Stockfish,10,7,0,3,7,Weyerhaeuser
2026-04-11,Dirk Van de Put,9,4,0,5,4,Mondelez
2026-04-11,Domenic Dell’Osso Jr,10,4,0,2,8,Expand Energy Corporation
2026-04-11,Donald Allan,9,4,0,5,4,Stanley Black & Decker
2026-04-11,Donald Zurbay,10,3,0,7,3,Patterson Companies Inc
2026-04-11,Donnie King,10,5,2,3,5,Tyson Foods
2026-04-11,Doug Black,9,4,0,4,5,SiteOne Landscape Supply
2026-04-11,Doug Howe,10,5,0,5,5,Designer Brands
2026-04-11,Doug Palladini,10,5,0,4,6,Carters Inc
2026-04-11,Doug Shulman,9,5,0,3,6,OneMain
2026-04-11,Douglas F Bauer,10,4,0,5,5,Tri Pointe Homes
2026-04-11,Douglas Yearley,8,4,0,4,4,Toll Brothers
2026-04-11,Drew Houston,7,4,0,2,5,Dropbox
2026-04-11,Drew M Wilkerson,8,6,0,2,6,RXO Inc
2026-04-11,Dustin Semach,9,4,0,3,6,Sealed Air Corporation
2026-04-11,E Jean Savage,10,3,0,7,3,Trinity Industries
2026-04-11,Earl Austin,10,3,0,5,5,Quanta Services
2026-04-11,Ed Bastian,8,5,1,2,5,Delta Air Lines
2026-04-11,Edmund Shallcross III,10,3,0,7,3,Amica Mutual Insurance
2026-04-11,Eduardo Menezes,10,4,1,4,5,Air Products & Chemicals
2026-04-11,Edward B Pitoniak,8,3,0,5,3,VICI Properties
2026-04-11,Edward J Lehner,10,4,0,5,5,Ryerson Holding
2026-04-11,Edward Pesicka,10,2,1,6,3,Owens & Minor
2026-04-11,Ellen Cooper,8,3,0,4,4,Lincoln National
2026-04-11,Elliott Hill,8,3,1,3,4,Nike
2026-04-11,Elon Musk,9,2,1,4,4,Tesla
2026-04-11,Emmanuel Ligner,9,4,0,5,4,Avantor
2026-04-11,Eric D Ashleman,10,5,0,5,5,IDEX
2026-04-11,Eric Hansotia,8,3,0,4,4,AGCO
2026-04-11,Eric M Green,10,4,1,5,4,West Pharmaceutical Services
2026-04-11,Eric Nyman,9,4,0,4,5,Vista Outdoor
2026-04-11,Eric S Yuan,9,5,0,3,6,Zoom Video Communications
2026-04-11,Eric Slifka,8,6,0,2,6,Global Partners
2026-04-11,Eric T Steigerwalt,10,5,0,5,5,Brighthouse Financial
2026-04-11,Eric W Gerstenberg,10,4,0,1,9,Clean Harbors
2026-04-11,Erik Fyrwald,9,5,0,2,7,International Flavors & Fragrances
2026-04-11,Erik Gershwind,8,3,0,4,4,MSC Industrial Direct
2026-04-11,Erik Nordstrom,9,2,0,7,2,Nordstrom
2026-04-11,Ernest Garcia III,9,4,0,4,5,Carvana
2026-04-11,Ernie Herrman,9,5,1,2,6,TJX
2026-04-11,Eugene A Hall,10,4,0,4,6,Gartner
2026-04-11,Eugene Bredow,10,2,0,8,2,NVR Inc
2026-04-11,Evan Spiegel,8,5,0,3,5,Snap Inc
2026-04-11,Ezra Yacob,10,5,0,4,6,EOG Resources
2026-04-11,Fahmi Karam,9,4,0,4,5,Upbound Group
2026-04-11,Fidji Simo,9,4,1,2,6,Instacart
2026-04-11,Fran Horowitz,9,4,1,4,4,Abercrombie & Fitch
2026-04-11,Francisco J Leon,8,4,0,4,4,California Resources
2026-04-11,Francois Locoh-Donou,8,5,0,2,6,F5
2026-04-11,Frank A Lonegro,9,5,0,4,5,Landstar System
2026-04-11,Frank C Sullivan,9,6,0,3,6,RPM International
2026-04-11,Frank H Laukien,10,4,0,6,4,Bruker
2026-04-11,Frank Holding,10,4,0,6,4,First Citizens BancShares
2026-04-11,Frank M Svoboda,8,1,0,5,3,Globe Life
2026-04-11,Frederick J Holzgrefe III,10,2,0,6,4,Saia Inc
2026-04-11,Fredric J Tomczyk,8,3,0,4,4,Cboe Global Markets
2026-04-11,G Mike Mikan,10,2,0,7,3,NeueHealth
2026-04-11,Gabriel Tirador,9,3,0,6,3,Mercury General
2026-04-11,Gail Boudreaux,9,5,0,4,5,Elevance Health
2026-04-11,Garrick Rochow,9,4,0,3,6,CMS Energy
2026-04-11,Gary B Smith,9,4,0,5,4,Ciena
2026-04-11,Gary C Bhojwani,8,4,0,4,4,CNO Financial Group
2026-04-11,Gary D Burnison,10,5,0,5,5,Korn Ferry
2026-04-11,Gary Dickerson,8,4,0,3,5,Applied Materials
2026-04-11,Gary G Friedman,9,3,0,6,3,Restoration Hardware
2026-04-11,George Bobb III,10,4,0,6,4,Teledyne Technologies
2026-04-11,George C Freeman III,10,2,0,0,10,Universal Corporation
2026-04-11,George F Chappelle Jr,10,3,0,2,8,Americold Realty Trust
2026-04-11,George Holm,10,4,0,4,6,Performance Food
2026-04-11,George Kurian,7,4,0,3,4,NetApp
2026-04-11,George Kurtz,9,4,0,4,5,CrowdStrike
2026-04-11,Gerald L Morgan,9,4,0,4,5,Texas Roadhouse
2026-04-11,Gerardo Norcia,10,4,0,4,6,DTE Energy
2026-04-11,Gerben W Bakker,10,4,0,6,4,Hubbell
2026-04-11,Gerry P Smith,10,2,1,6,3,ODP Business Solutions
2026-04-11,Giel Rutten,9,4,0,5,4,Amkor Technology
2026-04-11,Gil West,8,4,0,3,5,Hertz
2026-04-11,Giordano Albertazzi,7,4,0,2,5,Vertiv
2026-04-11,Glenn Fogel,8,4,0,4,4,Booking Holdings
2026-04-11,Glenn J Williams,10,6,0,3,7,Primerica
2026-04-11,Glenn Sanford,9,5,0,3,6,eXp World
2026-04-11,Gordon J Hardie,9,4,0,4,5,O-I Glass
2026-04-11,Grant E Sims,10,3,0,0,10,Genesis Energy
2026-04-11,Greg Anderson,10,4,0,6,4,Allegiant Travel Company
2026-04-11,Greg Smith,9,4,0,5,4,Teradyne
2026-04-11,Gregory Brown,9,5,1,1,7,Motorola Solutions
2026-04-11,Gregory L Christopher,10,4,0,4,6,Mueller Industries
2026-04-11,Gregory Roberts,9,0,0,6,3,A-Mark Precious Metals
2026-04-11,Gunjan Kedia,9,5,0,3,6,US Bancorp
2026-04-11,Gunner Smith,10,5,0,4,6,Cornerstone Building Brands
2026-04-11,H Michael Krimbill,10,4,0,2,8,NGL Energy Partners
2026-04-11,Hamid Akhavan,10,3,1,6,3,EchoStar
2026-04-11,Hamid Moghadam,9,4,0,5,4,Prologis
2026-04-11,Harry Lawton III,10,5,0,4,6,Tractor Supply
2026-04-11,Harry Sideris,9,5,0,4,5,Duke Energy
2026-04-11,Harvey M Schwartz,7,4,0,3,4,Carlyle Group
2026-04-11,Hassane El-Khoury,9,4,0,5,4,ON Semiconductor
2026-04-11,Haviv Ilan,9,5,0,4,5,Texas Instruments
2026-04-11,Heather Lavallee,9,4,0,5,4,Voya Financial
2026-04-11,Heidi Petz,9,5,1,2,6,Sherwin-Williams
2026-04-11,Henry A Fernandez,9,4,0,4,5,MSCI
2026-04-11,Hillary Super,9,5,0,1,8,Victorias Secret
2026-04-11,Hilton H Howell Jr,8,3,0,4,4,Gray Television
2026-04-11,Hock Tan,8,3,1,4,3,Broadcom
2026-04-11,Horacio Rozanski,9,7,0,2,7,Booz Allen Hamilton
2026-04-11,Ira D Robbins,9,3,0,6,3,Valley National Bancorp
2026-04-11,Ivan Tornos,9,4,0,4,5,Zimmer Biomet
2026-04-11,J Eric Evans,10,6,0,4,6,Surgery Partners
2026-04-11,J Kent Masters,9,4,1,4,4,Albemarle Corporation
2026-04-11,J Powell Brown,9,4,0,5,4,Brown & Brown
2026-04-11,Jacek Olczak,7,4,0,3,4,Philip Morris International
2026-04-11,Jack Fusco,9,4,0,5,4,Cheniere Energy
2026-04-11,Jack Sinclair,9,3,0,4,5,Sprouts Farmers Market
2026-04-11,Jacob Thaysen,9,4,0,5,4,Illumina Inc
2026-04-11,James A Brock,8,2,0,4,4,Consol Energy
2026-04-11,James Blackledge,10,5,0,5,5,Mutual of Omaha
2026-04-11,James Breuer,9,6,0,2,7,Fluor
2026-04-11,James Burke,8,4,0,1,7,Vistra
2026-04-11,James C Foster,9,4,0,5,4,Charles River Laboratories International
2026-04-11,James C Grech,10,4,0,3,7,Peabody Energy
2026-04-11,James Conroy,8,3,0,5,3,Ross Stores
2026-04-11,James Cracchiolo,10,4,2,3,5,Ameriprise Financial
2026-04-11,James Davis,8,5,0,3,5,Quest Diagnostics
2026-04-11,James F Risoleo,9,2,0,6,3,Host Hotels & Resorts
2026-04-11,James H Walter,9,3,0,5,4,Permian Resources
2026-04-11,James Jim C Ryan III,10,3,0,6,4,Old National Bancorp
2026-04-11,James Kelly,9,5,0,4,5,NCR Voyix
2026-04-11,James Quincey,8,4,0,3,5,The Coca-Cola Company
2026-04-11,James S Hagedorn,8,4,0,4,4,Scotts Miracle-Gro
2026-04-11,James Snee,9,4,1,4,4,Hormel Foods
2026-04-11,James Taiclet,8,3,0,5,3,Lockheed Martin
2026-04-11,James W Lanning,10,1,1,5,4,Ingles Markets
2026-04-11,James Zallie,9,6,0,2,7,Ingredion
2026-04-11,Jamie Dimon,8,3,0,4,4,JPMorgan Chase
2026-04-11,Jamie Iannone,8,4,0,4,4,Ebay
2026-04-11,Jamie Whisnant,7,5,0,1,6,Auto-Owners Insurance
2026-04-11,Jane Fraser,8,3,0,5,3,Citigroup
2026-04-11,Jared Isaacman,9,2,0,6,3,Shift4 Payments
2026-04-11,Jason D Robins,7,3,0,4,3,DraftKings
2026-04-11,Jason Hollar,8,6,0,2,6,Cardinal Health
2026-04-11,Jason Lippert,9,6,0,3,6,LCI Industries
2026-04-11,Jason Murray,8,4,1,3,4,PACS Group
2026-04-11,Jason P Wells,9,6,0,0,9,CenterPoint Energy
2026-04-11,Javier D Ferrer Fernandez,10,2,0,5,5,Popular Inc
2026-04-11,Javier Rodriguez,8,5,0,2,6,DaVita
2026-04-11,Jay Debertin,8,2,0,5,3,CHS
2026-04-11,Jay Geldmacher,10,4,0,5,5,Resideo Technologies
2026-04-11,Jay L Schottenstein,9,2,0,5,4,American Eagle Outfitters
2026-04-11,Jay Schmidt,10,4,0,6,4,Caleres Inc
2026-04-11,Jay Snowden,10,4,0,3,7,PENN Entertainment
2026-04-11,Jayshree Ullal,8,4,0,4,4,Arista Networks
2026-04-11,Jean-Michel Ribieras,8,2,0,6,2,Sylvamo
2026-04-11,Jeff Benck,10,3,0,6,4,Benchmark Electronics
2026-04-11,Jeff Liaw,10,4,0,5,5,Copart
2026-04-11,Jeff Miller,9,4,0,5,4,Halliburton
2026-04-11,Jeffrey B Guldner,10,5,0,4,6,Pinnacle West Capital
2026-04-11,Jeffrey Harmening,9,3,0,6,3,General Mills
2026-04-11,Jeffrey Lorberbaum,9,3,0,6,3,Mohawk Industries
2026-04-11,Jeffrey Mezger,10,5,1,4,5,KB Home
2026-04-11,Jeffrey N Simmons,9,5,0,2,7,Elanco Animal Health
2026-04-11,Jeffrey S Edwards,10,6,0,4,6,Cooper-Standard
2026-04-11,Jeffrey Sprecher,10,4,0,6,4,Intercontinental Exchange
2026-04-11,Jeffrey W Edwards,9,4,0,4,5,Installed Building Products
2026-04-11,Jennifer F Scanlon,10,4,0,2,8,UL Solutions
2026-04-11,Jennifer Johnson,8,3,0,5,3,Franklin Resources
2026-04-11,Jennifer Parmentier,10,5,0,5,5,Parker-Hannifin
2026-04-11,Jennifer Rumsey,8,4,0,3,5,Cummins Inc
2026-04-11,Jennifer Witz,8,3,2,3,3,Sirius XM
2026-04-11,Jensen Huang,8,5,0,2,6,Nvidia
2026-04-11,Jeremy Wensinger,9,4,0,4,5,V2X
2026-04-11,Jerry E Gahlhoff Jr,9,3,0,5,4,Rollins Inc
2026-04-11,Jesse Arenivas,10,1,0,8,2,EnLink Midstream
2026-04-11,Jillian C Evanko,8,2,0,6,2,Chart Industries
2026-04-11,Jim Anderson,7,5,1,1,5,Coherent
2026-04-11,Jim DeVries,9,4,0,5,4,ADT
2026-04-11,Jim Farley,9,4,0,4,5,Ford Motor
2026-04-11,Jim Jacobs,8,5,0,1,7,Country Financial
2026-04-11,Jim Rechtin,9,5,0,4,5,Humana
2026-04-11,Jim Vena,9,6,1,2,6,Union Pacific
2026-04-11,Joanna Geraghty,9,5,0,3,6,JetBlue Airways
2026-04-11,Joanne Crevoiserat,9,5,0,4,5,Tapestry
2026-04-11,Joaquin Duato,9,6,1,2,6,Johnson & Johnson
2026-04-11,Jochen Zeitz,9,2,2,5,2,Harley-Davidson
2026-04-11,Joe Craft,9,2,0,7,2,Alliance Resource Partners
2026-04-11,Joe Creed,8,4,1,3,4,Caterpillar
2026-04-11,Joe Shoen,8,2,1,5,2,U-Haul
2026-04-11,Joe Zubretsky,9,4,1,3,5,Molina Healthcare
2026-04-11,Joel D Anderson,10,4,0,4,6,Petco Health and Wellness
2026-04-11,Joel Smejkal,9,5,0,3,6,Vishay Intertechnology
2026-04-11,Joey Wat,9,3,0,5,4,Yum China
2026-04-11,John B Gibson,9,5,0,4,5,Paychex
2026-04-11,John Barrett,10,4,0,6,4,Western & Southern Financial
2026-04-11,John C Rademacher,10,6,0,2,8,Option Care Health
2026-04-11,John C Roche,10,4,0,6,4,Hanover Insurance Group
2026-04-11,John C Turner Jr,10,2,0,7,3,GMS
2026-04-11,John C. Griffith,9,5,0,3,6,American Water Works
2026-04-11,John Christmann IV,9,3,0,6,3,APA
2026-04-11,John David Risher,9,3,2,3,4,Lyft
2026-04-11,John E Geller Jr,10,4,0,5,5,Marriott Vacations Worldwide
2026-04-11,John Engel,9,3,1,5,3,WESCO International
2026-04-11,John J Marchioni,10,4,0,5,5,Selective Insurance Group
2026-04-11,John Ketchum,6,5,0,0,6,NextEra Energy
2026-04-11,John L Plueger,7,2,0,2,5,Air Lease
2026-04-11,John May,9,5,0,4,5,Deere
2026-04-11,John Mengucci,10,4,0,5,5,CACI International
2026-04-11,John Pfeifer,9,3,0,4,5,Oshkosh Corporation
2026-04-11,John Plant,10,3,0,5,5,Howmet Aerospace
2026-04-11,John R Ciulla,9,3,0,6,3,Webster Financial
2026-04-11,John Stankey,9,3,2,4,3,AT&T
2026-04-11,John T C Lee,8,5,0,3,5,MKS Instruments
2026-04-11,John Turner,10,6,0,3,7,Regions Financial
2026-04-11,John Venhuizen,9,4,0,3,6,Ace Hardware
2026-04-11,John W Lindsay,9,6,0,3,6,Helmerich & Payne
2026-04-11,John Wren,9,1,1,7,1,Omnicom Group
2026-04-11,John Zillmer,9,7,0,2,7,Aramark
2026-04-11,Jon Farney,8,5,0,2,6,State Farm Insurance
2026-04-11,Jon Moeller,8,4,0,4,4,Procter & Gamble
2026-04-11,Jon Rousseau,9,7,0,2,7,BrightSpring Health Services
2026-04-11,Jon Vander Ark,9,5,0,4,5,Republic Services
2026-04-11,Jonas Prising,9,4,0,4,5,ManpowerGroup
2026-04-11,Jonathan H Weis,10,4,0,6,4,Weis Markets
2026-04-11,Jonathan J Mazelsky,10,6,0,3,7,IDEXX Laboratories
2026-04-11,Jonathan Jaffe,10,4,0,6,4,Lennar
2026-04-11,Jonathan W Witter,10,5,0,5,5,Sallie Mae
2026-04-11,Joseph Bae,7,3,0,3,4,KKR & Co
2026-04-11,Joseph D Margolis,9,7,0,2,7,Extra Space Storage
2026-04-11,Joseph D Russell Jr,10,5,0,5,5,Public Storage
2026-04-11,Joseph Dominguez,7,2,0,3,4,Constellation Energy
2026-04-11,Joseph Fadool,9,5,0,4,5,BorgWarner
2026-04-11,Joseph Hinrichs,9,4,0,4,5,CSX
2026-04-11,Joseph M Hogan,8,7,0,1,7,Align Technology
2026-04-11,Joseph M Otting,10,6,0,3,7,Flagstar Financial
2026-04-11,Joseph Nolan,9,2,1,5,3,Eversource Energy
2026-04-11,Joseph Wm Foran,10,4,0,4,6,Matador Resources
2026-04-11,José Mas,10,5,0,5,5,MasTec
2026-04-11,Joyce Mullen,9,5,0,4,5,Insight Enterprises
2026-04-11,Juan Andrade,9,4,2,3,4,USAA
2026-04-11,Juan Luciano,10,5,1,4,5,Archer Daniels Midland
2026-04-11,Judith Marks,9,4,0,4,5,Otis Worldwide
2026-04-11,Judy R McReynolds,9,4,0,3,6,ArcBest
2026-04-11,Julie Felss Masino,8,6,1,1,6,Cracker Barrel
2026-04-11,Julie Schertell,8,4,0,2,6,Mativ
2026-04-11,Jure Sola,10,3,0,7,3,Sanmina
2026-04-11,Justin Jude,8,4,0,2,6,LKQ
2026-04-11,Kaes Van’t Hof,8,4,0,4,4,Diamondback Energy
2026-04-11,Kamal Hathi,8,5,0,2,6,Splunk
2026-04-11,Karen S Haller,10,7,0,2,8,Southwest Gas Holdings
2026-04-11,Karl G. Glassman,10,5,0,4,6,Leggett & Platt
2026-04-11,Karla Lewis,9,6,0,3,6,Reliance Inc
2026-04-11,Karsanbhai,9,6,0,3,6,Emerson Electric
2026-04-11,Kathleen Johnson,7,3,0,3,4,Lumen Technologies
2026-04-11,Kathleen Mazzarella,19,6,0,13,6,Graybar Electric
2026-04-11,Kathleen Quirk,8,3,0,4,4,Freeport-McMoRan
2026-04-11,Kathy Warden,9,5,0,4,5,Northrop Grumman
2026-04-11,Kaz Nejatian,8,4,0,3,5,Opendoor Technologies
2026-04-11,Kecia Steelman,8,3,0,4,4,Ulta Beauty
2026-04-11,Keith A Harvey,10,5,0,4,6,Kaiser Aluminum
2026-04-11,Keith Allman,10,3,0,6,4,Masco
2026-04-11,Keith Demmings,9,7,0,1,8,Assurant
2026-04-11,Keith E Smith,10,5,0,5,5,Boyd Gaming
2026-04-11,Kelly Ortberg,8,3,1,3,4,Boeing
2026-04-11,Ken Xie,9,5,0,4,5,Fortinet
2026-04-11,Kenneth A Vecchione,10,4,1,5,4,Western Alliance Bancorp
2026-04-11,Kenneth T Lane,10,5,0,5,5,Olin Corporation
2026-04-11,Kevin Akers,10,5,0,2,8,Atmos Energy
2026-04-11,Kevin D Hochman,8,5,0,3,5,Brinker International
2026-04-11,Kevin Hogan,10,5,0,5,5,Corebridge Financial
2026-04-11,Kevin Hourican,7,5,0,2,5,Sysco
2026-04-11,Kevin J Wheeler,9,5,0,4,5,A O Smith
2026-04-11,Kevin Kwilinski,10,2,0,5,5,Berry Global
2026-04-11,Kevin Lobo,8,3,0,5,3,Stryker
2026-04-11,Kevin M Freeman,9,4,0,1,8,Old Dominion Freight Line
2026-04-11,Kevin Murphy,16,6,1,7,8,Publix Super Markets
2026-04-11,Kevin Plank,9,3,0,5,4,Under Armour
2026-04-11,Kevin Roycraft,10,3,0,3,7,Adams Resources & Energy
2026-04-11,Kevin S Blair,9,4,0,4,5,Synovus Financial
2026-04-11,Kevin Stein,9,2,0,7,2,TransDigm
2026-04-11,Kevin T Conroy,9,3,1,4,4,Exact Sciences
2026-04-11,Khozema Z Shipchandler,8,4,1,3,4,Twilio
2026-04-11,Kimberly A Fields,10,4,0,6,4,ATI Inc
2026-04-11,Kimberly Dang,10,4,0,3,7,Kinder Morgan
2026-04-11,Kimberly K Ryan,9,2,0,6,3,Hillenbrand
2026-04-11,Kirk Perry,9,5,0,3,6,Kenvue
2026-04-11,Kirt Walker,10,3,0,7,3,Nationwide Insurance
2026-04-11,Kristin A Dolan,9,3,0,6,3,AMC Networks
2026-04-11,Kristin Peck,7,5,0,2,5,Zoetis
2026-04-11,Kurt J Ekert,9,4,0,5,4,Sabre Corporation
2026-04-11,Kurt Wolf,8,4,1,3,4,Pitney Bowes
2026-04-11,Kyle T Larkin,10,5,1,4,5,Granite Construction
2026-04-11,Ladd Wilks,10,4,0,5,5,ProFrac Holding
2026-04-11,Lane Riggs,10,4,0,4,6,Valero Energy
2026-04-11,Larry Fink,7,3,0,4,3,BlackRock
2026-04-11,Laura Alber,9,3,0,6,3,Williams-Sonoma
2026-04-11,Laura Prieskorn,10,4,0,5,5,Jackson Financial
2026-04-11,Laurans A Mendelson,10,4,1,3,6,HEICO
2026-04-11,Lauren Hobart,9,4,0,5,4,Dicks Sporting Goods
2026-04-11,Lawrence Coben,9,5,1,2,6,NRG Energy
2026-04-11,Lawrence H Silber,10,5,0,5,5,Herc Rentals
2026-04-11,Lawson E Whiting,9,5,0,3,6,Brown-Forman
2026-04-11,Lee M Shavel,9,3,0,6,3,Verisk Analytics
2026-04-11,Lee M Tillman,10,1,0,8,2,Marathon Oil
2026-04-11,Leon Topalian,8,3,0,5,3,Nucor
2026-04-11,Leonard Schleifer,9,3,0,6,3,Regeneron Pharmaceuticals
2026-04-11,Liam K Griffin,8,3,0,4,4,Skyworks Solutions
2026-04-11,Linda Rendle,8,4,0,2,6,Clorox
2026-04-11,Lip-Bu Tan,9,4,1,2,6,Intel
2026-04-11,Lisa M Barton,10,5,0,2,8,Alliant Energy
2026-04-11,Lisa Su,9,3,0,3,6,Advanced Micro Devices
2026-04-11,Lloyd Yates,10,4,1,5,4,NiSource
2026-04-11,Lorenzo Simonelli,8,3,0,4,4,Baker Hughes
2026-04-11,Lori Flees,9,5,0,4,5,Valvoline Inc
2026-04-11,Lori Koch,9,3,0,5,4,DuPont de Nemours
2026-04-11,Lorie L Tekorius,10,5,0,4,6,The Greenbrier Companies
2026-04-11,Louis V Pinkham,10,2,0,4,6,Regal Rexnord
2026-04-11,Lourenco Goncalves,7,4,0,3,4,Cleveland-Cliffs
2026-04-11,Luca Savi,9,4,0,4,5,ITT
2026-04-11,Lucinda M Baier,10,3,0,7,3,Brookdale Senior Living
2026-04-11,Lynn M Bamford,8,4,0,4,4,Curtiss-Wright
2026-04-11,M Christopher Doyle,10,1,0,6,4,Civitas Resources
2026-04-11,M Keith Waddell,10,4,0,6,4,Robert Half
2026-04-11,Mac Cummings,8,4,0,4,4,Terakeet
2026-04-11,Malcolm C Roberts,9,6,0,3,6,FM Global
2026-04-11,Marc Benioff,8,4,0,4,4,Salesforce
2026-04-11,Marc Bitzer,9,5,0,3,6,Whirlpool
2026-04-11,Marc Casper,8,5,1,2,5,Thermo Fisher Scientific
2026-04-11,Marc Miller,9,4,0,5,4,Universal Health Services
2026-04-11,Marc Rowan,7,4,0,3,4,Apollo Global Management
2026-04-11,Maria Black,8,5,0,3,5,Automatic Data Processing
2026-04-11,Maria M Pope,9,4,0,4,5,Portland General Electric
2026-04-11,Mario Harik,8,6,0,2,6,XPO
2026-04-11,Mark A Skonieczny,10,4,0,5,5,REV Group
2026-04-11,Mark Bertolini,9,6,0,3,6,Oscar Health
2026-04-11,Mark Costa,8,3,0,5,3,Eastman Chemical
2026-04-11,Mark D Dankberg,9,5,0,4,5,Viasat
2026-04-11,Mark D Morelli,9,4,0,5,4,Vontier
2026-04-11,Mark E Seaton,10,5,0,5,5,First American Financial
2026-04-11,Mark Eubanks,9,5,0,4,5,Brinks Company
2026-04-11,Mark George,8,7,0,1,7,Norfolk Southern
2026-04-11,Mark Hoplamazian,9,5,0,4,5,Hyatt Hotels
2026-04-11,Mark J Parrell,10,3,0,7,3,Equity Residential
2026-04-11,Mark J Tarr,8,6,0,2,6,Encompass Health
2026-04-11,Mark Kowlzan,10,6,1,3,6,Packaging Corp of America
2026-04-11,Mark Lashier,8,5,0,2,6,Phillips 66
2026-04-11,Mark Mac McFarland,10,5,0,2,8,Talen Energy
2026-04-11,Mark Millett,9,4,0,3,6,Steel Dynamics
2026-04-11,Mark Pearson,8,3,1,4,3,Equitable Holdings
2026-04-11,Mark Penn,10,5,1,4,5,Stagwell
2026-04-11,Mark R Widmar,8,4,0,2,6,First Solar
2026-04-11,Mark Rourke,9,4,0,4,5,Schneider National
2026-04-11,Mark S LaVigne,10,4,0,1,9,Energizer Holdings
2026-04-11,Mark Smucker,8,5,0,3,5,JM Smucker
2026-04-11,Mark Stewart,9,5,0,4,5,Goodyear Tire & Rubber
2026-04-11,Mark W Begor,9,4,0,5,4,Equifax
2026-04-11,Mark Wang,10,5,1,3,6,Hilton Grand Vacations
2026-04-11,Mark Witkowski,10,8,0,2,8,Core & Main
2026-04-11,Mark Zuckerberg,7,4,0,2,5,Meta Platforms
2026-04-11,Martin J Lyons,10,3,0,6,4,Ameren
2026-04-11,Martin Schroeter,9,6,0,2,7,Kyndryl
2026-04-11,Martina Cheung,7,3,0,3,4,S&P Global
2026-04-11,Marvin Ellison,8,4,1,3,4,Lowe's
2026-04-11,Mary Barra,8,4,0,3,5,General Motors
2026-04-11,Mary E Kipp,9,4,0,3,6,Puget Sound Energy
2026-04-11,Maryann Mannen,9,6,0,3,6,Marathon Petroleum
2026-04-11,Matt Wilson,9,5,0,4,5,Light & Wonder
2026-04-11,Matthew Flannery,8,3,0,1,7,United Rentals
2026-04-11,Matthew J Cox,10,5,0,5,5,Matson Inc
2026-04-11,Matthew J Murphy,8,3,0,4,4,Marvell Technology
2026-04-11,Matthew Lucey,9,3,2,3,4,PBF Energy
2026-04-11,Matthew Meloy,9,4,0,5,4,Targa Resources
2026-04-11,Matthew Missad,10,4,0,3,7,UFP Industries
2026-04-11,Matthew Pine,8,4,0,4,4,Xylem Inc
2026-04-11,Matthew T Farrell,10,7,0,3,7,Church & Dwight
2026-04-11,Mehran Assadi,9,3,0,6,3,NLV Financial
2026-04-11,Melissa D Smith,8,3,0,5,3,WEX
2026-04-11,Michael Arougheti,8,3,0,5,3,Ares Management
2026-04-11,Michael Bender,8,6,1,1,6,Kohl's
2026-04-11,Michael Cannon-Brookes,8,4,1,3,4,Atlassian
2026-04-11,Michael Creedon,9,3,0,5,4,Dollar Tree
2026-04-11,Michael Dastoor,7,5,0,2,5,Jabil
2026-04-11,Michael Dell,9,3,0,6,3,Dell Technologies
2026-04-11,Michael Doss,9,4,0,5,4,Graphic Packaging
2026-04-11,Michael E Reed,10,1,1,7,2,Gannett
2026-04-11,Michael Fiddelke,8,6,0,2,6,Target Corporation
2026-04-11,Michael Hsu,8,5,0,1,7,Kimberly-Clark
2026-04-11,Michael Hutchins,9,4,0,3,6,Freddie Mac
2026-04-11,Michael J Brown,10,5,0,5,5,Euronet Worldwide
2026-04-11,Michael J Happe,10,5,0,4,6,Winnebago Industries
2026-04-11,Michael J Smith,10,5,0,5,5,Lamb Weston
2026-04-11,Michael L Baur,10,5,0,5,5,ScanSource
2026-04-11,Michael Mahoney,9,6,1,2,6,Boston Scientific
2026-04-11,Michael Manley,8,2,0,6,2,AutoNation
2026-04-11,Michael Miebach,9,7,0,2,7,Mastercard
2026-04-11,Michael Nierenberg,8,4,0,3,5,Rithm Capital
2026-04-11,Michael Nolan,10,4,0,6,4,Fidelity National Financial
2026-04-11,Michael O'Grady,10,5,0,3,7,Northern Trust
2026-04-11,Michael O’Sullivan,8,3,0,4,4,Burlington Stores
2026-04-11,Michael Rapino,9,4,0,5,4,Live Nation Entertainment
2026-04-11,Michael Rhodes,8,4,0,3,5,Ally Financial
2026-04-11,Michael Shepherd,10,2,0,5,5,Discover Financial
2026-04-11,Michael Spanos,8,4,0,2,6,Bloomin Brands
2026-04-11,Michel Khalaf,10,6,0,3,7,MetLife Inc
2026-04-11,Michelle Gass,5,3,0,2,3,Levi Strauss
2026-04-11,Mick Farrell,9,3,0,6,3,ResMed
2026-04-11,Mikael Bratt,8,6,0,2,6,Autoliv
2026-04-11,Mike Lyons,7,3,0,4,3,Fiserv
2026-04-11,Mike Sicilia,7,3,0,3,4,Oracle
2026-04-11,Mike Simonds,8,4,0,3,5,TriNet Group
2026-04-11,Mike Speetzen,9,4,1,3,5,Polaris Inc
2026-04-11,Mike Steib,9,4,1,2,6,TEGNA
2026-04-11,Mike Wirth,8,4,0,4,4,Chevron
2026-04-11,Milan Galik,9,1,0,6,3,Interactive Brokers
2026-04-11,Morris Goldfarb,10,6,0,4,6,G-III Apparel Group
2026-04-11,NADominic Ng,10,4,0,5,5,East West Bancorp
2026-04-11,Nate R Jorgensen,10,4,0,5,5,Boise Cascade
2026-04-11,Neil A Schrimsher,10,5,0,5,5,Applied Industrial Technologies
2026-04-11,Neil Hunn,9,5,0,3,6,Roper Technologies
2026-04-11,Neil M Ashe,10,7,0,2,8,Acuity Inc
2026-04-11,Nicholas I Fink,8,4,0,3,5,Fortune Brands Innovations
2026-04-11,Nicholas R Lower,10,5,0,4,6,Federated Mutual Insurance
2026-04-11,Nicholas T Pinchuk,8,2,0,3,5,Snap-on
2026-04-11,Nick DeIuliis,10,4,0,6,4,CNX Resources
2026-04-11,Nick Jeffery,10,3,2,4,4,Frontier Communications
2026-04-11,Nicole A Kivisto,10,5,0,5,5,MDU Resources Group
2026-04-11,Nikesh Arora,9,3,0,4,5,Palo Alto Networks
2026-04-11,Niko Lahanas,10,6,0,3,7,Central Garden & Pet
2026-04-11,Niraj Shah,9,3,0,5,4,Wayfair
2026-04-11,Noel Wallace,8,5,0,3,5,Colgate-Palmolive
2026-04-11,Norman D Schwartz,10,4,0,4,6,Bio-Rad Laboratories
2026-04-11,Octavio Marquez,7,3,0,4,3,Diebold Nixdorf
2026-04-11,Ole Rosgaard,9,5,0,4,5,Greif
2026-04-11,Oliver G Brewer III,10,4,0,5,5,Topgolf Callaway Brands
2026-04-11,Olivier Rabiller,9,4,0,5,4,Garrett Motion Inc
2026-04-11,Olumide Soroye,8,5,0,2,6,Fortive
2026-04-11,Oscar K Brown,10,5,0,4,6,Western Midstream Partners
2026-04-11,Owen D Thomas,9,3,0,5,4,Boston Properties
2026-04-11,Padraig McDonnell,8,5,0,3,5,Agilent Technologies
2026-04-11,Pat Roche,9,4,1,4,4,Moog Inc
2026-04-11,Patrice Louvet,9,4,0,4,5,Ralph Lauren
2026-04-11,Patricia Poppe,7,3,1,3,3,Pacific Gas and Electric Company
2026-04-11,Patrick Gallagher,9,4,1,4,4,Arthur J Gallagher
2026-04-11,Patrick Kaltenbach,10,3,0,5,5,Mettler-Toledo International
2026-04-11,Patrick M Shanahan,10,5,0,3,7,Spirit AeroSystems
2026-04-11,Patrick Zalupski,9,4,0,3,6,Dream Finders Homes
2026-04-11,Patrick Zammit,7,4,1,2,4,TD Synnex
2026-04-11,Paul A Lang,10,3,0,4,6,Arch Resources
2026-04-11,Paul Bay,8,4,0,4,4,Ingram Micro
2026-04-11,Paul E Burdiss,10,2,0,8,2,Zions Bancorp
2026-04-11,Paul Keel,8,4,0,4,4,Envista
2026-04-11,Paul M Rady,10,6,0,3,7,Antero Resources
2026-04-11,Paul Romanowski,10,5,0,5,5,DR Horton Inc
2026-04-11,Paul Sarvadi,10,4,0,5,5,Insperity
2026-04-11,Paul Shoukry,9,5,0,3,6,Raymond James Financial
2026-04-11,Pedro Pizarro,8,4,0,4,4,Edison International
2026-04-11,Penny Pennington,7,3,1,3,3,Edward Jones
2026-04-11,Perry A Sook,9,5,1,3,5,Nexstar Media Group
2026-04-11,Pete McPartland,10,3,0,4,6,Sentry Insurance Group
2026-04-11,Peter Arduini,9,6,0,3,6,GE HealthCare Technologies
2026-04-11,Peter D Arvan,10,4,0,5,5,Pool Corporation
2026-04-11,Peter J Federico,9,4,0,4,5,AGNC Investment
2026-04-11,Peter Jackson,8,5,0,3,5,Builders FirstSource
2026-04-11,Peter M Moglia,10,3,0,7,3,Alexandria Real Estate Equities
2026-04-11,Peter Matt,9,3,0,6,3,Commercial Metals
2026-04-11,Peter Quigley,9,3,0,6,3,Kelly Services Inc
2026-04-11,Peter R Huntsman,9,4,0,4,5,Huntsman Corporation
2026-04-11,Peter Stern,8,5,1,1,6,Peloton Interactive
2026-04-11,Phebe Novakovic,9,4,0,5,4,General Dynamics
2026-04-11,Philip Daniele III,10,5,1,4,5,AutoZone
2026-04-11,Philip Gallagher,10,4,0,6,4,Avnet
2026-04-11,Philip Smith,7,4,0,3,4,StoneX Group
2026-04-11,Philippe Krakowsky,10,1,0,8,2,Interpublic Group
2026-04-11,Phillip D Green,10,3,0,6,4,Cullen Frost Bankers
2026-04-11,Phillip D Yeager,10,4,0,6,4,Hub Group
2026-04-11,Phillippe Lord,8,4,0,4,4,Meritage Homes
2026-04-11,Pierce Norton II,7,3,0,4,3,Oneok
2026-04-11,Pierre R Brondeau,10,4,0,3,7,FMC Corporation
2026-04-11,Prahlad Singh,8,3,0,5,3,Revvity
2026-04-11,Preston Feight,10,4,0,6,4,Paccar
2026-04-11,Priscilla Almodovar,8,3,0,5,3,Fannie Mae
2026-04-11,R Bruce McDonald,9,4,0,4,5,Dana Incorporated
2026-04-11,R Howard Coker,8,3,0,5,3,Sonoco Products
2026-04-11,R Scott Rowe,9,5,0,4,5,Flowserve
2026-04-11,RJ Scaringe,8,5,0,3,5,Rivian Automotive
2026-04-11,Rafael Santana,9,3,0,5,4,Westinghouse Air Brake Technologies
2026-04-11,Rainer Blair,9,6,0,2,7,Danaher
2026-04-11,Rajesh Subramaniam,9,5,1,3,5,FedEx
2026-04-11,Rajiv K Prasad,10,4,0,6,4,Hyster-Yale
2026-04-11,Ralph Andretta,9,6,1,1,7,Bread Financial
2026-04-11,Ralph LaRossa,10,4,0,5,5,Public Service Enterprise Group
2026-04-11,Rami Rahim,9,3,0,6,3,Juniper Networks
2026-04-11,Ramon Laguarta,8,3,0,4,4,PepsiCo
2026-04-11,Randall C Stuewe,9,4,0,2,7,Darling Ingredients
2026-04-11,Raul Fernandez,9,6,0,3,6,DXC Technology
2026-04-11,Ravi Kumar S,10,6,0,4,6,Cognizant Technology Solutions
2026-04-11,Raymond E Scott,9,4,0,5,4,Lear Corporation
2026-04-11,René Jones,9,4,0,5,4,M&T Bank
2026-04-11,Reshma Kewalramani,9,3,0,6,3,Vertex Pharmaceuticals
2026-04-11,Rex D Geveden,9,5,0,4,5,BWX Technologies
2026-04-11,Ricardo Cardenas,9,4,0,4,5,Darden Restaurants
2026-04-11,Rich Handler,10,6,1,1,8,Jefferies Financial
2026-04-11,Rich Steinmeier,9,5,1,1,7,LPL Financial
2026-04-11,Richard Fairbank,10,4,1,5,4,Capital One
2026-04-11,Richard G Kyle,10,5,0,4,6,Timken
2026-04-11,Richard Hayne,10,1,1,7,2,Urban Outfitters
2026-04-11,Richard M Olson,10,5,0,5,5,Toro Company
2026-04-11,Richard P Dealy,10,2,0,3,7,Pioneer Natural Resources
2026-04-11,Richard S Swartz,10,5,0,4,6,MYR Group
2026-04-11,Richard Tobin,9,6,0,3,6,Dover Corporation
2026-04-11,Richard Wallace,9,4,0,4,5,KLA
2026-04-11,Rick L Wessel,10,3,0,4,6,FirstCash
2026-04-11,Rick Lanoha,10,4,0,6,4,Kiewit Corporation
2026-04-11,Rick McKenney,10,5,0,5,5,Unum Group
2026-04-11,Rick Wurster,5,4,0,1,4,Charles Schwab
2026-04-11,Rob Katz,9,4,1,4,4,Vail Resorts
2026-04-11,Rob Saltiel,9,4,0,3,6,MRC Global
2026-04-11,Rob Sharps,9,5,1,2,6,T Rowe Price
2026-04-11,Rob Vitale,10,5,0,4,6,Post Holdings
2026-04-11,Robert A Bruggeworth,10,3,0,7,3,Qorvo
2026-04-11,Robert Antokol,10,4,0,6,4,Playtika Holding
2026-04-11,Robert Berkley,10,5,0,5,5,WR Berkley
2026-04-11,Robert Blue,9,3,0,5,4,Dominion Energy
2026-04-11,Robert Bradway,7,3,0,3,4,Amgen
2026-04-11,Robert D Lawler,10,1,0,9,1,Continental Resources
2026-04-11,Robert E Price,9,4,0,5,4,PriceSmart
2026-04-11,Robert Fauber,9,3,0,6,3,Moodys Corporation
2026-04-11,Robert Ford,9,3,0,5,4,Abbott Laboratories
2026-04-11,Robert Frenzel,8,5,0,1,7,Xcel Energy
2026-04-11,Robert G Painter,9,4,0,4,5,Trimble Inc
2026-04-11,Robert Goldstein,9,3,0,6,3,Las Vegas Sands
2026-04-11,Robert Greenberg,8,2,0,6,2,Skechers USA
2026-04-11,Robert H Schottenstein,10,3,0,7,3,M/I Homes
2026-04-11,Robert Isom,8,4,0,4,4,American Airlines
2026-04-11,Robert Kyncl,8,5,0,3,5,Warner Music Group
2026-04-11,Robert L Reffkin,7,3,0,3,4,Compass Group
2026-04-11,Robert M Buck,10,5,1,4,5,TopBuild
2026-04-11,Robert M Davis,8,4,1,3,4,Merck
2026-04-11,Robert Martin,8,4,1,3,4,THOR Industries
2026-04-11,Robert Mauch,9,4,0,4,5,Cencora
2026-04-11,Robert Sanchez,8,4,0,3,5,Ryder System
2026-04-11,Robert Steer,10,2,0,7,3,Seaboard
2026-04-11,Robert Sulentic,9,5,0,4,5,CBRE Group
2026-04-11,Robert Thomson,10,3,0,5,5,News Corp
2026-04-11,Robert W Pittman,9,3,0,6,3,iHeartMedia
2026-04-11,Robin Vince,8,3,0,5,3,Bank of New York Mellon
2026-04-11,Roger Crandall,8,4,0,4,4,Mass Mutual
2026-04-11,Roger Penske,9,6,0,3,6,Penske Automotive
2026-04-11,Roger W Jenkins,10,5,0,3,7,Murphy Oil
2026-04-11,Ron Gusek,8,4,0,1,7,Liberty Energy
2026-04-11,Ron Sargent,9,6,0,3,6,Kroger
2026-04-11,Ron Vachris,7,3,0,3,4,Costco
2026-04-11,Ronald F Clarke,10,7,0,3,7,Corpay
2026-04-11,Ronald J Kramer,10,4,0,5,5,Griffon Corporation
2026-04-11,Ronald Kruszewski,9,5,0,4,5,Stifel Financial
2026-04-11,Ronald N Tutor,10,5,1,3,6,Tutor Perini Corporation
2026-04-11,Ronald P O'Hanley,9,4,0,5,4,State Street
2026-04-11,Russell Becker,9,5,0,3,6,APi Group
2026-04-11,Russell Chip Childs,10,4,2,4,4,SkyWest
2026-04-11,Russell J Weiner,10,3,1,6,3,Dominos Pizza Inc
2026-04-11,Rusty Rush,9,4,0,4,5,Rush Enterprises
2026-04-11,Ryals McMullian,10,5,0,3,7,Flowers Foods
2026-04-11,Ryan Cohen,7,2,0,4,3,GameStop
2026-04-11,Ryan Lance,9,4,0,4,5,ConocoPhillips
2026-04-11,Ryan Marshall,9,3,0,5,4,PulteGroup
2026-04-11,Ryan McInerney,10,4,1,5,4,Visa Inc
2026-04-11,Sachin S Lawande,10,5,0,5,5,Visteon
2026-04-11,Samuel Hazen,10,3,1,5,4,HCA Healthcare
2026-04-11,Sandy Douglas,10,6,1,2,7,United Natural Foods
2026-04-11,Sanjay Mehrotra,8,3,0,4,4,Micron Technology
2026-04-11,Sarah London,8,4,1,3,4,Centene
2026-04-11,Sasan Goodarzi,8,5,1,2,5,Intuit
2026-04-11,Sassine Ghazi,8,5,0,3,5,Synopsys
2026-04-11,Satish Dhanasekaran,8,4,0,3,5,Keysight Technologies
2026-04-11,Satya Nadella,8,4,0,4,4,Microsoft
2026-04-11,Saumya Sutaria,10,5,0,4,6,Tenet Healthcare
2026-04-11,Scott Boatwright,8,6,0,1,7,Chipotle Mexican Grill
2026-04-11,Scott Donnelly,10,4,0,5,5,Textron
2026-04-11,Scott Doyle,9,4,0,4,5,Spire Inc
2026-04-11,Scott H Baxter,7,3,0,4,3,Kontoor Brands
2026-04-11,Scott Kirby,8,4,0,1,7,United Airlines
2026-04-11,Scott L Thompson,10,3,0,6,4,Tempur Sealy International
2026-04-11,Scott Lauber,10,3,0,2,8,WEC Energy
2026-04-11,Scott Richardson,8,3,0,5,3,Celanese
2026-04-11,Scott Salmirs,9,5,1,3,5,ABM Industries
2026-04-11,Scott Seu,9,5,0,3,6,Hawaiian Electric Industries
2026-04-11,Scott Smith,9,6,0,2,7,Viatris
2026-04-11,Scott Strazik,7,5,0,2,5,GE Vernova
2026-04-11,Sean Connolly,9,4,0,4,5,Conagra Brands
2026-04-11,Sean D Keohane,10,7,1,1,8,Cabot Corporation
2026-04-11,Sean Gamble,9,5,1,2,6,Cinemark
2026-04-11,Sean Trauschke,7,4,0,1,6,OGE Energy
2026-04-11,Shane O'Kelly,9,3,0,4,5,Advance Auto Parts
2026-04-11,Shankh Mitra,9,2,1,6,2,Welltower
2026-04-11,Shantanu Narayen,8,5,1,2,5,Adobe
2026-04-11,Shawn O'Connell,10,6,0,3,7,EnerSys
2026-04-11,Shelley Simpson,9,5,0,3,6,JB Hunt Transport Services
2026-04-11,Sherman Miller,10,5,0,3,7,Cal-Maine Foods
2026-04-11,Sheryl Palmer,9,3,0,6,3,Taylor Morrison Home
2026-04-11,Shyam K Reddy,8,5,0,3,5,BlueLinx
2026-04-11,Shyam P Kambeyanda,10,5,0,5,5,ESAB
2026-04-11,Simon D Campion,9,5,0,3,6,Dentsply Sirona
2026-04-11,Simon Meester,10,5,0,4,6,Terex
2026-04-11,Sivasankaran Somasundaram,9,2,0,7,2,ChampionX
2026-04-11,Sridhar Ramaswamy,9,3,0,6,3,Snowflake Inc
2026-04-11,Stacy Kymes,8,4,0,4,4,BOK Financial
2026-04-11,Stanley Bergman,9,4,0,5,4,Henry Schein
2026-04-11,Stefan Larsson,9,5,1,3,5,PVH
2026-04-11,Stefano Caroti,9,5,0,4,5,Deckers Outdoor
2026-04-11,Stephan B Tanda,10,4,0,5,5,AptarGroup
2026-04-11,Stephane Bancel,9,3,1,5,3,Moderna
2026-04-11,Stephanie Ferris,10,4,1,5,4,Fidelity National Information Services
2026-04-11,Stephen Bratspies,10,3,2,4,4,Hanesbrands
2026-04-11,Stephen Hemsley,9,2,1,5,3,UnitedHealth
2026-04-11,Stephen P MacMillan,8,4,0,4,4,Hologic
2026-04-11,Stephen Schwarzman,8,3,0,5,3,Blackstone
2026-04-11,Stephen Spray,10,5,2,3,5,CIncinnati Financial
2026-04-11,Stephen Squeri,9,4,0,5,4,American Express
2026-04-11,Stephen Steinour,7,3,0,4,3,Huntington Bancshares
2026-04-11,Steve Henry,7,4,0,3,4,Domtar
2026-04-11,Steve Sanghi,9,4,0,5,4,Microchip Technology
2026-04-11,Steven B Hedlund,10,4,1,4,5,Lincoln Electric
2026-04-11,Steven Bandrowczak,8,2,0,5,3,Xerox
2026-04-11,Steven Cahillane,9,2,0,7,2,Kellanova
2026-04-11,Steven H Gunby,9,5,0,4,5,FTI Consulting
2026-04-11,Steven J Moskowitz,10,4,0,4,6,Crown Castle
2026-04-11,Steven Oakland,9,2,0,7,2,TreeHouse Foods
2026-04-11,Steven P Lawrence,9,4,0,4,5,Academy Sports and Outdoors
2026-04-11,Steven Sell,9,3,1,4,4,Agilon Health
2026-04-11,Steven Vondran,8,6,0,2,6,American Tower
2026-04-11,Strauss Zelnick,7,2,2,3,2,Take-Two Interactive Software
2026-04-11,Stuart Bradie,8,5,0,3,5,KBR
2026-04-11,Sumit Roy,8,4,0,4,4,Realty Income
2026-04-11,Sumit Singh,8,3,0,4,4,Chewy
2026-04-11,Sundar Pichai,8,4,0,3,5,Alphabet
2026-04-11,Sundaram Nagarajan,9,6,0,3,6,Nordson
2026-04-11,Susan Morris,8,4,1,2,5,Albertsons
2026-04-11,Suzanne Foster,9,4,0,4,5,AdaptHealth
2026-04-11,Ted Decker,10,4,2,2,6,Home Depot
2026-04-11,Ted Pick,9,4,1,3,5,Morgan Stanley
2026-04-11,Ted Sarandos,9,4,2,3,4,Netflix
2026-04-11,Teresa Rasmussen,9,5,0,4,5,Thrivent Financial for Lutherans
2026-04-11,Terrance Williams,8,5,0,2,6,TruStage
2026-04-11,Terrence A Duffy,9,4,0,4,5,CME Group
2026-04-11,Thasunda Brown Duckett,8,4,0,4,4,TIAA
2026-04-11,Theodore S Hanson,10,5,0,4,6,ASGN
2026-04-11,Thomas Bell,9,5,0,3,6,Leidos
2026-04-11,Thomas E Gottwald,10,3,0,6,4,NewMarket Corporation
2026-04-11,Thomas E Jorden,9,2,0,2,7,Coterra Energy
2026-04-11,Thomas Edward McCormick,10,3,0,6,4,Primoris Services
2026-04-11,Thomas Gayner,8,5,0,3,5,Markel Group
2026-04-11,Thomas Hill,8,4,0,2,6,Vulcan Materials
2026-04-11,Thomas J Baltimore Jr,10,5,0,5,5,Park Hotels & Resorts
2026-04-11,Thomas J McInerney,10,4,0,6,4,Genworth Financial
2026-04-11,Thomas J Wilson,9,4,1,4,4,Allstate
2026-04-11,Thomas L Ryan,9,4,0,3,6,Service Corp International
2026-04-11,Thomas Long,7,4,0,1,6,Energy Transfer
2026-04-11,Thomas Polen,8,3,1,4,3,Becton Dickinson
2026-04-11,Thomas Reeg,8,3,0,4,4,Caesars Entertainment
2026-04-11,Thomas V Taylor,9,5,0,3,6,Floor & Decor
2026-04-11,Tiang Yew Tan,9,3,0,5,4,Western Digital
2026-04-11,Tim Cook,8,4,1,3,4,Apple
2026-04-11,Tim Gerend,8,3,0,3,5,Northwestern Mutual
2026-04-11,Tim Go,8,3,1,3,4,HF Sinclair
2026-04-11,Tim Gokey,9,4,0,4,5,Broadridge Financial Solutions
2026-04-11,Tim Hingtgen,10,1,1,7,2,Community Health Systems
2026-04-11,Tim Larson,9,3,0,1,8,Skyline Champion
2026-04-11,Tim O Shaughnessy,9,5,0,4,5,Graham Holdings Company
2026-04-11,Timothy Archer,8,2,0,5,3,Lam Research
2026-04-11,Timothy C Oliver,9,5,0,3,6,NCR Atleos
2026-04-11,Timothy Cawley,9,3,0,6,3,Consolidated Edison
2026-04-11,Timothy Cofer,9,5,0,3,6,Keurig Dr Pepper
2026-04-11,Timothy J Donahue,9,4,0,5,4,Crown Holdings
2026-04-11,Timothy J McGrath,10,3,0,5,5,PC Connection Inc
2026-04-11,Timothy John Fitzgerald,10,5,1,3,6,Middleby
2026-04-11,Timothy Knavish,10,3,0,6,4,PPG Industries
2026-04-11,Timothy M Sweeney,10,3,0,0,10,Liberty Mutual Insurance
2026-04-11,Timothy NeCastro,10,5,1,4,5,Erie Insurance
2026-04-11,Timothy P Boyle,9,3,1,4,4,Columbia Sportswear
2026-04-11,Timothy S Crane,10,6,0,3,7,Wintrust Financial
2026-04-11,Timothy Spence,7,4,0,3,4,Fifth Third Bancorp
2026-04-11,Toby Rice,8,6,0,1,7,EQT
2026-04-11,Tod Carpenter,9,3,0,6,3,Donaldson Company
2026-04-11,Todd Kelsey,10,4,0,5,5,Plexus Corp
2026-04-11,Todd Schneider,10,5,0,4,6,Cintas
2026-04-11,Todd Vasos,10,3,3,4,3,Dollar General
2026-04-11,Tom Leighton,9,4,0,5,4,Akamai Technologies
2026-04-11,Toni Townes-Whitley,9,3,0,6,3,Science Applications International
2026-04-11,Tony Cheng,9,4,0,5,4,Reinsurance Group of America
2026-04-11,Tony Helton,10,4,0,4,6,Medical Mutual of Ohio
2026-04-11,Tony R Thene,10,5,0,5,5,Carpenter Technology
2026-04-11,Tony Sarsam,9,1,2,6,1,SpartanNash
2026-04-11,Tony Spring,7,3,1,2,4,Macys
2026-04-11,Tony Xu,9,5,1,3,5,DoorDash
2026-04-11,Tricia Griffith,9,4,2,3,4,Progressive Insurance
2026-04-11,Troy Rudd,10,7,1,2,7,AECOM
2026-04-11,Udit Batra,8,4,0,4,4,Waters Corporation
2026-04-11,Varun Krishna,8,4,0,3,5,Rocket Companies
2026-04-11,Vicente Reynal,10,3,0,7,3,Ingersoll Rand
2026-04-11,Vicki Hollub,9,3,0,5,4,Occidental Petroleum
2026-04-11,Vimal Kapur,8,5,0,3,5,Honeywell
2026-04-11,Vincent Pilette,8,3,0,5,3,Gen Digital
2026-04-11,Vincent Roche,9,4,0,4,5,Analog Devices
2026-04-11,Vincent Sorgi,10,3,0,6,4,PPL Corporation
2026-04-11,W Anthony Will,10,6,0,4,6,CF Industries
2026-04-11,W Bradley Southern,10,4,0,6,4,Louisiana-Pacific Corporation
2026-04-11,Walker Martin,10,5,0,5,5,Sempra
2026-04-11,Walter C. D. Carlson,10,4,0,6,4,Telephone & Data Systems
2026-04-11,Warren Buffett,7,2,2,3,2,Berkshire Hathaway
2026-04-11,Wendell Weeks,8,4,0,4,4,Corning
2026-04-11,William Andrew Hendricks Jr,10,4,0,4,6,Patterson-UTI Energy
2026-04-11,William C Stone,9,2,0,7,2,SS&C Technologies
2026-04-11,William Demchak,10,3,1,5,4,PNC Financial Services
2026-04-11,William E Waltz,9,5,1,3,5,Atkore
2026-04-11,William Fehrman,9,6,0,3,6,American Electric Power
2026-04-11,William Gifford,10,5,0,5,5,Altria
2026-04-11,William H Rogers Jr,8,4,0,4,4,Truist Financial
2026-04-11,William Hornbuckle,8,4,0,3,5,MGM Resorts International
2026-04-11,William J Christensen,10,5,0,5,5,JELD-WEN Holding
2026-04-11,William Krueger,10,6,0,3,7,The Andersons Inc
2026-04-11,William L Meaney,10,5,0,3,7,Iron Mountain
2026-04-11,William M Brown,10,5,0,5,5,3M Company
2026-04-11,William McDermott,9,7,0,2,7,ServiceNow
2026-04-11,William Monteleone,9,4,0,5,4,Par Pacific
2026-04-11,William Newlands,8,3,0,5,3,Constellation Brands
2026-04-11,William Oplinger,8,4,0,4,4,Alcoa Corporation
2026-04-11,William Stengel II,9,5,0,4,5,Genuine Parts Company
2026-04-11,William T Dillard II,10,3,0,5,5,Dillards
2026-04-11,Willie Chiang,10,2,0,8,2,Plains GP
2026-04-11,Winnie Park,8,4,1,3,4,Five Below
2026-04-11,Ynon Kreiz,9,5,0,4,5,Mattel
